gene,candidate_rank,sender_evidence_level,baseline_classification,licensing_classification,omnipath_secreted_annotation,omnipath_extracellular_annotation,protein_secretome_annotation,P1_PARACRINE_CORE,P2_EXTRACELLULAR_EXTENDED,P3_FULL_LR_SENSITIVITY,primary_scope_membership,scope_freeze_status,interpretation,source_url
B2M,1,S1,ROBUST_BASELINE_SENDER,LICENSING_CONSISTENT_UP,YES,YES,OMNIPATH_SECRETED_ANNOTATION,YES,YES,YES,P1_PARACRINE_CORE,FROZEN_BEFORE_PHASE4_COMPATIBILITY_OUTCOMES,SENDER_SCOPE_NOT_THERAPEUTIC_PRIORITY,results/03_phase3/sender/frozen_phase4_sender_candidates.csv|config/phase4a_analysis.json
COL1A1,2,S1,ROBUST_BASELINE_SENDER,LICENSING_CONSISTENT_DOWN,YES,YES,OMNIPATH_SECRETED_ANNOTATION,YES,YES,YES,P1_PARACRINE_CORE,FROZEN_BEFORE_PHASE4_COMPATIBILITY_OUTCOMES,SENDER_SCOPE_NOT_THERAPEUTIC_PRIORITY,results/03_phase3/sender/frozen_phase4_sender_candidates.csv|config/phase4a_analysis.json
ANXA1,3,S1,ROBUST_BASELINE_SENDER,LICENSING_CONSISTENT_DOWN,YES,YES,OMNIPATH_SECRETED_ANNOTATION,YES,YES,YES,P1_PARACRINE_CORE,FROZEN_BEFORE_PHASE4_COMPATIBILITY_OUTCOMES,SENDER_SCOPE_NOT_THERAPEUTIC_PRIORITY,results/03_phase3/sender/frozen_phase4_sender_candidates.csv|config/phase4a_analysis.json
MDK,4,S1,ROBUST_BASELINE_SENDER,LICENSING_CONSISTENT_UP,YES,YES,OMNIPATH_SECRETED_ANNOTATION,YES,YES,YES,P1_PARACRINE_CORE,FROZEN_BEFORE_PHASE4_COMPATIBILITY_OUTCOMES,SENDER_SCOPE_NOT_THERAPEUTIC_PRIORITY,results/03_phase3/sender/frozen_phase4_sender_candidates.csv|config/phase4a_analysis.json
HLA-A,5,S1,ROBUST_BASELINE_SENDER,LICENSING_CONSISTENT_UP,NO,YES,NO_OMNIPATH_SECRETED_ANNOTATION,NO,YES,YES,P2_EXTRACELLULAR_EXTENDED,FROZEN_BEFORE_PHASE4_COMPATIBILITY_OUTCOMES,SENDER_SCOPE_NOT_THERAPEUTIC_PRIORITY,results/03_phase3/sender/frozen_phase4_sender_candidates.csv|config/phase4a_analysis.json
SPON2,6,S1,ROBUST_BASELINE_SENDER,LICENSING_CONSISTENT_DOWN,YES,YES,OMNIPATH_SECRETED_ANNOTATION,YES,YES,YES,P1_PARACRINE_CORE,FROZEN_BEFORE_PHASE4_COMPATIBILITY_OUTCOMES,SENDER_SCOPE_NOT_THERAPEUTIC_PRIORITY,results/03_phase3/sender/frozen_phase4_sender_candidates.csv|config/phase4a_analysis.json
DCN,7,S1,ROBUST_BASELINE_SENDER,LICENSING_CONSISTENT_UP,YES,YES,OMNIPATH_SECRETED_ANNOTATION,YES,YES,YES,P1_PARACRINE_CORE,FROZEN_BEFORE_PHASE4_COMPATIBILITY_OUTCOMES,SENDER_SCOPE_NOT_THERAPEUTIC_PRIORITY,results/03_phase3/sender/frozen_phase4_sender_candidates.csv|config/phase4a_analysis.json
CCL2,8,S1,ROBUST_BASELINE_SENDER,LICENSING_CONSISTENT_UP,YES,YES,OMNIPATH_SECRETED_ANNOTATION,YES,YES,YES,P1_PARACRINE_CORE,FROZEN_BEFORE_PHASE4_COMPATIBILITY_OUTCOMES,SENDER_SCOPE_NOT_THERAPEUTIC_PRIORITY,results/03_phase3/sender/frozen_phase4_sender_candidates.csv|config/phase4a_analysis.json
HLA-C,9,S1,ROBUST_BASELINE_SENDER,LICENSING_CONSISTENT_UP,NO,YES,NO_OMNIPATH_SECRETED_ANNOTATION,NO,YES,YES,P2_EXTRACELLULAR_EXTENDED,FROZEN_BEFORE_PHASE4_COMPATIBILITY_OUTCOMES,SENDER_SCOPE_NOT_THERAPEUTIC_PRIORITY,results/03_phase3/sender/frozen_phase4_sender_candidates.csv|config/phase4a_analysis.json
HLA-B,10,S1,ROBUST_BASELINE_SENDER,LICENSING_CONSISTENT_UP,NO,YES,NO_OMNIPATH_SECRETED_ANNOTATION,NO,YES,YES,P2_EXTRACELLULAR_EXTENDED,FROZEN_BEFORE_PHASE4_COMPATIBILITY_OUTCOMES,SENDER_SCOPE_NOT_THERAPEUTIC_PRIORITY,results/03_phase3/sender/frozen_phase4_sender_candidates.csv|config/phase4a_analysis.json
SERPINE1,11,S1,ROBUST_BASELINE_SENDER,LICENSING_CONSISTENT_UP,YES,YES,OMNIPATH_SECRETED_ANNOTATION,YES,YES,YES,P1_PARACRINE_CORE,FROZEN_BEFORE_PHASE4_COMPATIBILITY_OUTCOMES,SENDER_SCOPE_NOT_THERAPEUTIC_PRIORITY,results/03_phase3/sender/frozen_phase4_sender_candidates.csv|config/phase4a_analysis.json
MXRA8,12,S1,ROBUST_BASELINE_SENDER,LICENSING_CONSISTENT_DOWN,NO,NO,NO_OMNIPATH_SECRETED_ANNOTATION,NO,NO,YES,P3_FULL_LR_SENSITIVITY,FROZEN_BEFORE_PHASE4_COMPATIBILITY_OUTCOMES,SENDER_SCOPE_NOT_THERAPEUTIC_PRIORITY,results/03_phase3/sender/frozen_phase4_sender_candidates.csv|config/phase4a_analysis.json
HLA-E,13,S1,ROBUST_BASELINE_SENDER,LICENSING_CONSISTENT_UP,YES,YES,OMNIPATH_SECRETED_ANNOTATION,YES,YES,YES,P1_PARACRINE_CORE,FROZEN_BEFORE_PHASE4_COMPATIBILITY_OUTCOMES,SENDER_SCOPE_NOT_THERAPEUTIC_PRIORITY,results/03_phase3/sender/frozen_phase4_sender_candidates.csv|config/phase4a_analysis.json
MSN,14,S1,ROBUST_BASELINE_SENDER,LICENSING_CONSISTENT_UP,NO,YES,NO_OMNIPATH_SECRETED_ANNOTATION,NO,YES,YES,P2_EXTRACELLULAR_EXTENDED,FROZEN_BEFORE_PHASE4_COMPATIBILITY_OUTCOMES,SENDER_SCOPE_NOT_THERAPEUTIC_PRIORITY,results/03_phase3/sender/frozen_phase4_sender_candidates.csv|config/phase4a_analysis.json
LGALS3BP,15,S1,ROBUST_BASELINE_SENDER,LICENSING_CONSISTENT_UP,YES,YES,OMNIPATH_SECRETED_ANNOTATION,YES,YES,YES,P1_PARACRINE_CORE,FROZEN_BEFORE_PHASE4_COMPATIBILITY_OUTCOMES,SENDER_SCOPE_NOT_THERAPEUTIC_PRIORITY,results/03_phase3/sender/frozen_phase4_sender_candidates.csv|config/phase4a_analysis.json
TSPAN5,16,S1,ROBUST_BASELINE_SENDER,LICENSING_CONSISTENT_DOWN,NO,YES,NO_OMNIPATH_SECRETED_ANNOTATION,NO,YES,YES,P2_EXTRACELLULAR_EXTENDED,FROZEN_BEFORE_PHASE4_COMPATIBILITY_OUTCOMES,SENDER_SCOPE_NOT_THERAPEUTIC_PRIORITY,results/03_phase3/sender/frozen_phase4_sender_candidates.csv|config/phase4a_analysis.json
NAMPT,17,S1,ROBUST_BASELINE_SENDER,LICENSING_CONSISTENT_UP,YES,YES,OMNIPATH_SECRETED_ANNOTATION,YES,YES,YES,P1_PARACRINE_CORE,FROZEN_BEFORE_PHASE4_COMPATIBILITY_OUTCOMES,SENDER_SCOPE_NOT_THERAPEUTIC_PRIORITY,results/03_phase3/sender/frozen_phase4_sender_candidates.csv|config/phase4a_analysis.json
CLDN11,18,S1,ROBUST_BASELINE_SENDER,LICENSING_CONSISTENT_DOWN,NO,NO,NO_OMNIPATH_SECRETED_ANNOTATION,NO,NO,YES,P3_FULL_LR_SENSITIVITY,FROZEN_BEFORE_PHASE4_COMPATIBILITY_OUTCOMES,SENDER_SCOPE_NOT_THERAPEUTIC_PRIORITY,results/03_phase3/sender/frozen_phase4_sender_candidates.csv|config/phase4a_analysis.json
CD9,19,S1,ROBUST_BASELINE_SENDER,LICENSING_CONSISTENT_DOWN,YES,YES,OMNIPATH_SECRETED_ANNOTATION,YES,YES,YES,P1_PARACRINE_CORE,FROZEN_BEFORE_PHASE4_COMPATIBILITY_OUTCOMES,SENDER_SCOPE_NOT_THERAPEUTIC_PRIORITY,results/03_phase3/sender/frozen_phase4_sender_candidates.csv|config/phase4a_analysis.json
LAMB1,20,S1,ROBUST_BASELINE_SENDER,LICENSING_CONSISTENT_DOWN,YES,YES,OMNIPATH_SECRETED_ANNOTATION,YES,YES,YES,P1_PARACRINE_CORE,FROZEN_BEFORE_PHASE4_COMPATIBILITY_OUTCOMES,SENDER_SCOPE_NOT_THERAPEUTIC_PRIORITY,results/03_phase3/sender/frozen_phase4_sender_candidates.csv|config/phase4a_analysis.json
NID2,21,S1,ROBUST_BASELINE_SENDER,LICENSING_CONSISTENT_DOWN,YES,YES,OMNIPATH_SECRETED_ANNOTATION,YES,YES,YES,P1_PARACRINE_CORE,FROZEN_BEFORE_PHASE4_COMPATIBILITY_OUTCOMES,SENDER_SCOPE_NOT_THERAPEUTIC_PRIORITY,results/03_phase3/sender/frozen_phase4_sender_candidates.csv|config/phase4a_analysis.json
SDC2,22,S1,ROBUST_BASELINE_SENDER,LICENSING_CONSISTENT_DOWN,NO,YES,NO_OMNIPATH_SECRETED_ANNOTATION,NO,YES,YES,P2_EXTRACELLULAR_EXTENDED,FROZEN_BEFORE_PHASE4_COMPATIBILITY_OUTCOMES,SENDER_SCOPE_NOT_THERAPEUTIC_PRIORITY,results/03_phase3/sender/frozen_phase4_sender_candidates.csv|config/phase4a_analysis.json
ADAM12,23,S1,ROBUST_BASELINE_SENDER,LICENSING_CONSISTENT_UP,YES,YES,OMNIPATH_SECRETED_ANNOTATION,YES,YES,YES,P1_PARACRINE_CORE,FROZEN_BEFORE_PHASE4_COMPATIBILITY_OUTCOMES,SENDER_SCOPE_NOT_THERAPEUTIC_PRIORITY,results/03_phase3/sender/frozen_phase4_sender_candidates.csv|config/phase4a_analysis.json
PTN,24,S1,ROBUST_BASELINE_SENDER,LICENSING_CONSISTENT_UP,YES,YES,OMNIPATH_SECRETED_ANNOTATION,YES,YES,YES,P1_PARACRINE_CORE,FROZEN_BEFORE_PHASE4_COMPATIBILITY_OUTCOMES,SENDER_SCOPE_NOT_THERAPEUTIC_PRIORITY,results/03_phase3/sender/frozen_phase4_sender_candidates.csv|config/phase4a_analysis.json
SLIT2,25,S1,ROBUST_BASELINE_SENDER,LICENSING_CONSISTENT_UP,YES,YES,OMNIPATH_SECRETED_ANNOTATION,YES,YES,YES,P1_PARACRINE_CORE,FROZEN_BEFORE_PHASE4_COMPATIBILITY_OUTCOMES,SENDER_SCOPE_NOT_THERAPEUTIC_PRIORITY,results/03_phase3/sender/frozen_phase4_sender_candidates.csv|config/phase4a_analysis.json
CXCL5,26,S1,ROBUST_BASELINE_SENDER,LICENSING_CONSISTENT_UP,YES,YES,OMNIPATH_SECRETED_ANNOTATION,YES,YES,YES,P1_PARACRINE_CORE,FROZEN_BEFORE_PHASE4_COMPATIBILITY_OUTCOMES,SENDER_SCOPE_NOT_THERAPEUTIC_PRIORITY,results/03_phase3/sender/frozen_phase4_sender_candidates.csv|config/phase4a_analysis.json
THBS2,27,S1,ROBUST_BASELINE_SENDER,LICENSING_CONSISTENT_DOWN,YES,YES,OMNIPATH_SECRETED_ANNOTATION,YES,YES,YES,P1_PARACRINE_CORE,FROZEN_BEFORE_PHASE4_COMPATIBILITY_OUTCOMES,SENDER_SCOPE_NOT_THERAPEUTIC_PRIORITY,results/03_phase3/sender/frozen_phase4_sender_candidates.csv|config/phase4a_analysis.json
CDH13,28,S1,ROBUST_BASELINE_SENDER,LICENSING_CONSISTENT_DOWN,NO,YES,NO_OMNIPATH_SECRETED_ANNOTATION,NO,YES,YES,P2_EXTRACELLULAR_EXTENDED,FROZEN_BEFORE_PHASE4_COMPATIBILITY_OUTCOMES,SENDER_SCOPE_NOT_THERAPEUTIC_PRIORITY,results/03_phase3/sender/frozen_phase4_sender_candidates.csv|config/phase4a_analysis.json
BTN2A1,29,S1,ROBUST_BASELINE_SENDER,LICENSING_CONSISTENT_UP,NO,YES,NO_OMNIPATH_SECRETED_ANNOTATION,NO,YES,YES,P2_EXTRACELLULAR_EXTENDED,FROZEN_BEFORE_PHASE4_COMPATIBILITY_OUTCOMES,SENDER_SCOPE_NOT_THERAPEUTIC_PRIORITY,results/03_phase3/sender/frozen_phase4_sender_candidates.csv|config/phase4a_analysis.json
CD58,30,S1,ROBUST_BASELINE_SENDER,LICENSING_CONSISTENT_UP,NO,YES,NO_OMNIPATH_SECRETED_ANNOTATION,NO,YES,YES,P2_EXTRACELLULAR_EXTENDED,FROZEN_BEFORE_PHASE4_COMPATIBILITY_OUTCOMES,SENDER_SCOPE_NOT_THERAPEUTIC_PRIORITY,results/03_phase3/sender/frozen_phase4_sender_candidates.csv|config/phase4a_analysis.json
ROBO1,31,S1,ROBUST_BASELINE_SENDER,LICENSING_CONSISTENT_UP,NO,YES,NO_OMNIPATH_SECRETED_ANNOTATION,NO,YES,YES,P2_EXTRACELLULAR_EXTENDED,FROZEN_BEFORE_PHASE4_COMPATIBILITY_OUTCOMES,SENDER_SCOPE_NOT_THERAPEUTIC_PRIORITY,results/03_phase3/sender/frozen_phase4_sender_candidates.csv|config/phase4a_analysis.json
FGF2,32,S1,ROBUST_BASELINE_SENDER,LICENSING_CONSISTENT_UP,YES,YES,OMNIPATH_SECRETED_ANNOTATION,YES,YES,YES,P1_PARACRINE_CORE,FROZEN_BEFORE_PHASE4_COMPATIBILITY_OUTCOMES,SENDER_SCOPE_NOT_THERAPEUTIC_PRIORITY,results/03_phase3/sender/frozen_phase4_sender_candidates.csv|config/phase4a_analysis.json
TCTN1,33,S1,ROBUST_BASELINE_SENDER,LICENSING_CONSISTENT_DOWN,YES,YES,OMNIPATH_SECRETED_ANNOTATION,YES,YES,YES,P1_PARACRINE_CORE,FROZEN_BEFORE_PHASE4_COMPATIBILITY_OUTCOMES,SENDER_SCOPE_NOT_THERAPEUTIC_PRIORITY,results/03_phase3/sender/frozen_phase4_sender_candidates.csv|config/phase4a_analysis.json
PDGFC,34,S1,ROBUST_BASELINE_SENDER,LICENSING_CONSISTENT_DOWN,YES,YES,OMNIPATH_SECRETED_ANNOTATION,YES,YES,YES,P1_PARACRINE_CORE,FROZEN_BEFORE_PHASE4_COMPATIBILITY_OUTCOMES,SENDER_SCOPE_NOT_THERAPEUTIC_PRIORITY,results/03_phase3/sender/frozen_phase4_sender_candidates.csv|config/phase4a_analysis.json
VEGFC,35,S1,ROBUST_BASELINE_SENDER,LICENSING_CONSISTENT_UP,YES,YES,OMNIPATH_SECRETED_ANNOTATION,YES,YES,YES,P1_PARACRINE_CORE,FROZEN_BEFORE_PHASE4_COMPATIBILITY_OUTCOMES,SENDER_SCOPE_NOT_THERAPEUTIC_PRIORITY,results/03_phase3/sender/frozen_phase4_sender_candidates.csv|config/phase4a_analysis.json
CD82,36,S1,ROBUST_BASELINE_SENDER,LICENSING_CONSISTENT_UP,NO,YES,NO_OMNIPATH_SECRETED_ANNOTATION,NO,YES,YES,P2_EXTRACELLULAR_EXTENDED,FROZEN_BEFORE_PHASE4_COMPATIBILITY_OUTCOMES,SENDER_SCOPE_NOT_THERAPEUTIC_PRIORITY,results/03_phase3/sender/frozen_phase4_sender_candidates.csv|config/phase4a_analysis.json
CFH,37,S1,ROBUST_BASELINE_SENDER,LICENSING_CONSISTENT_UP,YES,YES,OMNIPATH_SECRETED_ANNOTATION,YES,YES,YES,P1_PARACRINE_CORE,FROZEN_BEFORE_PHASE4_COMPATIBILITY_OUTCOMES,SENDER_SCOPE_NOT_THERAPEUTIC_PRIORITY,results/03_phase3/sender/frozen_phase4_sender_candidates.csv|config/phase4a_analysis.json
IL15,38,S1,ROBUST_BASELINE_SENDER,LICENSING_CONSISTENT_UP,YES,YES,OMNIPATH_SECRETED_ANNOTATION,YES,YES,YES,P1_PARACRINE_CORE,FROZEN_BEFORE_PHASE4_COMPATIBILITY_OUTCOMES,SENDER_SCOPE_NOT_THERAPEUTIC_PRIORITY,results/03_phase3/sender/frozen_phase4_sender_candidates.csv|config/phase4a_analysis.json
LGALS1,39,S2,ROBUST_BASELINE_SENDER,NO_CLEAR_LICENSING_EFFECT,YES,YES,OMNIPATH_SECRETED_ANNOTATION,YES,YES,YES,P1_PARACRINE_CORE,FROZEN_BEFORE_PHASE4_COMPATIBILITY_OUTCOMES,SENDER_SCOPE_NOT_THERAPEUTIC_PRIORITY,results/03_phase3/sender/frozen_phase4_sender_candidates.csv|config/phase4a_analysis.json
RPS19,40,S2,ROBUST_BASELINE_SENDER,NO_CLEAR_LICENSING_EFFECT,YES,YES,OMNIPATH_SECRETED_ANNOTATION,YES,YES,YES,P1_PARACRINE_CORE,FROZEN_BEFORE_PHASE4_COMPATIBILITY_OUTCOMES,SENDER_SCOPE_NOT_THERAPEUTIC_PRIORITY,results/03_phase3/sender/frozen_phase4_sender_candidates.csv|config/phase4a_analysis.json
TIMP1,41,S2,ROBUST_BASELINE_SENDER,PASSAGE_DEPENDENT,YES,YES,OMNIPATH_SECRETED_ANNOTATION,YES,YES,YES,P1_PARACRINE_CORE,FROZEN_BEFORE_PHASE4_COMPATIBILITY_OUTCOMES,SENDER_SCOPE_NOT_THERAPEUTIC_PRIORITY,results/03_phase3/sender/frozen_phase4_sender_candidates.csv|config/phase4a_analysis.json
GSTP1,42,S2,ROBUST_BASELINE_SENDER,NO_CLEAR_LICENSING_EFFECT,NO,YES,NO_OMNIPATH_SECRETED_ANNOTATION,NO,YES,YES,P2_EXTRACELLULAR_EXTENDED,FROZEN_BEFORE_PHASE4_COMPATIBILITY_OUTCOMES,SENDER_SCOPE_NOT_THERAPEUTIC_PRIORITY,results/03_phase3/sender/frozen_phase4_sender_candidates.csv|config/phase4a_analysis.json
FN1,43,S2,ROBUST_BASELINE_SENDER,NO_CLEAR_LICENSING_EFFECT,YES,YES,OMNIPATH_SECRETED_ANNOTATION,YES,YES,YES,P1_PARACRINE_CORE,FROZEN_BEFORE_PHASE4_COMPATIBILITY_OUTCOMES,SENDER_SCOPE_NOT_THERAPEUTIC_PRIORITY,results/03_phase3/sender/frozen_phase4_sender_candidates.csv|config/phase4a_analysis.json
CALM2,44,S2,ROBUST_BASELINE_SENDER,DONOR_DEPENDENT,NO,NO,NO_OMNIPATH_SECRETED_ANNOTATION,NO,NO,YES,P3_FULL_LR_SENSITIVITY,FROZEN_BEFORE_PHASE4_COMPATIBILITY_OUTCOMES,SENDER_SCOPE_NOT_THERAPEUTIC_PRIORITY,results/03_phase3/sender/frozen_phase4_sender_candidates.csv|config/phase4a_analysis.json
ANXA2,45,S2,ROBUST_BASELINE_SENDER,NO_CLEAR_LICENSING_EFFECT,YES,YES,OMNIPATH_SECRETED_ANNOTATION,YES,YES,YES,P1_PARACRINE_CORE,FROZEN_BEFORE_PHASE4_COMPATIBILITY_OUTCOMES,SENDER_SCOPE_NOT_THERAPEUTIC_PRIORITY,results/03_phase3/sender/frozen_phase4_sender_candidates.csv|config/phase4a_analysis.json
COL1A2,46,S2,ROBUST_BASELINE_SENDER,NO_CLEAR_LICENSING_EFFECT,YES,YES,OMNIPATH_SECRETED_ANNOTATION,YES,YES,YES,P1_PARACRINE_CORE,FROZEN_BEFORE_PHASE4_COMPATIBILITY_OUTCOMES,SENDER_SCOPE_NOT_THERAPEUTIC_PRIORITY,results/03_phase3/sender/frozen_phase4_sender_candidates.csv|config/phase4a_analysis.json
HMGB1,47,S2,ROBUST_BASELINE_SENDER,NO_CLEAR_LICENSING_EFFECT,YES,YES,OMNIPATH_SECRETED_ANNOTATION,YES,YES,YES,P1_PARACRINE_CORE,FROZEN_BEFORE_PHASE4_COMPATIBILITY_OUTCOMES,SENDER_SCOPE_NOT_THERAPEUTIC_PRIORITY,results/03_phase3/sender/frozen_phase4_sender_candidates.csv|config/phase4a_analysis.json
IGFBP7,48,S2,ROBUST_BASELINE_SENDER,NO_CLEAR_LICENSING_EFFECT,YES,YES,OMNIPATH_SECRETED_ANNOTATION,YES,YES,YES,P1_PARACRINE_CORE,FROZEN_BEFORE_PHASE4_COMPATIBILITY_OUTCOMES,SENDER_SCOPE_NOT_THERAPEUTIC_PRIORITY,results/03_phase3/sender/frozen_phase4_sender_candidates.csv|config/phase4a_analysis.json
CALR,49,S2,ROBUST_BASELINE_SENDER,NO_CLEAR_LICENSING_EFFECT,YES,YES,OMNIPATH_SECRETED_ANNOTATION,YES,YES,YES,P1_PARACRINE_CORE,FROZEN_BEFORE_PHASE4_COMPATIBILITY_OUTCOMES,SENDER_SCOPE_NOT_THERAPEUTIC_PRIORITY,results/03_phase3/sender/frozen_phase4_sender_candidates.csv|config/phase4a_analysis.json
SPARC,50,S2,ROBUST_BASELINE_SENDER,DONOR_DEPENDENT,YES,YES,OMNIPATH_SECRETED_ANNOTATION,YES,YES,YES,P1_PARACRINE_CORE,FROZEN_BEFORE_PHASE4_COMPATIBILITY_OUTCOMES,SENDER_SCOPE_NOT_THERAPEUTIC_PRIORITY,results/03_phase3/sender/frozen_phase4_sender_candidates.csv|config/phase4a_analysis.json
CD99,51,S2,ROBUST_BASELINE_SENDER,NO_CLEAR_LICENSING_EFFECT,YES,YES,OMNIPATH_SECRETED_ANNOTATION,YES,YES,YES,P1_PARACRINE_CORE,FROZEN_BEFORE_PHASE4_COMPATIBILITY_OUTCOMES,SENDER_SCOPE_NOT_THERAPEUTIC_PRIORITY,results/03_phase3/sender/frozen_phase4_sender_candidates.csv|config/phase4a_analysis.json
HSP90B1,52,S2,ROBUST_BASELINE_SENDER,NO_CLEAR_LICENSING_EFFECT,NO,YES,NO_OMNIPATH_SECRETED_ANNOTATION,NO,YES,YES,P2_EXTRACELLULAR_EXTENDED,FROZEN_BEFORE_PHASE4_COMPATIBILITY_OUTCOMES,SENDER_SCOPE_NOT_THERAPEUTIC_PRIORITY,results/03_phase3/sender/frozen_phase4_sender_candidates.csv|config/phase4a_analysis.json
S100A10,53,S2,ROBUST_BASELINE_SENDER,NO_CLEAR_LICENSING_EFFECT,YES,YES,OMNIPATH_SECRETED_ANNOTATION,YES,YES,YES,P1_PARACRINE_CORE,FROZEN_BEFORE_PHASE4_COMPATIBILITY_OUTCOMES,SENDER_SCOPE_NOT_THERAPEUTIC_PRIORITY,results/03_phase3/sender/frozen_phase4_sender_candidates.csv|config/phase4a_analysis.json
RTN4,54,S2,ROBUST_BASELINE_SENDER,NO_CLEAR_LICENSING_EFFECT,NO,YES,NO_OMNIPATH_SECRETED_ANNOTATION,NO,YES,YES,P2_EXTRACELLULAR_EXTENDED,FROZEN_BEFORE_PHASE4_COMPATIBILITY_OUTCOMES,SENDER_SCOPE_NOT_THERAPEUTIC_PRIORITY,results/03_phase3/sender/frozen_phase4_sender_candidates.csv|config/phase4a_analysis.json
CTHRC1,55,S2,ROBUST_BASELINE_SENDER,NO_CLEAR_LICENSING_EFFECT,YES,YES,OMNIPATH_SECRETED_ANNOTATION,YES,YES,YES,P1_PARACRINE_CORE,FROZEN_BEFORE_PHASE4_COMPATIBILITY_OUTCOMES,SENDER_SCOPE_NOT_THERAPEUTIC_PRIORITY,results/03_phase3/sender/frozen_phase4_sender_candidates.csv|config/phase4a_analysis.json
COL3A1,56,S2,ROBUST_BASELINE_SENDER,DONOR_DEPENDENT,YES,YES,OMNIPATH_SECRETED_ANNOTATION,YES,YES,YES,P1_PARACRINE_CORE,FROZEN_BEFORE_PHASE4_COMPATIBILITY_OUTCOMES,SENDER_SCOPE_NOT_THERAPEUTIC_PRIORITY,results/03_phase3/sender/frozen_phase4_sender_candidates.csv|config/phase4a_analysis.json
THY1,57,S2,ROBUST_BASELINE_SENDER,PASSAGE_DEPENDENT,NO,YES,NO_OMNIPATH_SECRETED_ANNOTATION,NO,YES,YES,P2_EXTRACELLULAR_EXTENDED,FROZEN_BEFORE_PHASE4_COMPATIBILITY_OUTCOMES,SENDER_SCOPE_NOT_THERAPEUTIC_PRIORITY,results/03_phase3/sender/frozen_phase4_sender_candidates.csv|config/phase4a_analysis.json
ITGB1,58,S2,ROBUST_BASELINE_SENDER,NO_CLEAR_LICENSING_EFFECT,NO,YES,NO_OMNIPATH_SECRETED_ANNOTATION,NO,YES,YES,P2_EXTRACELLULAR_EXTENDED,FROZEN_BEFORE_PHASE4_COMPATIBILITY_OUTCOMES,SENDER_SCOPE_NOT_THERAPEUTIC_PRIORITY,results/03_phase3/sender/frozen_phase4_sender_candidates.csv|config/phase4a_analysis.json
COL6A1,59,S2,ROBUST_BASELINE_SENDER,NO_CLEAR_LICENSING_EFFECT,YES,YES,OMNIPATH_SECRETED_ANNOTATION,YES,YES,YES,P1_PARACRINE_CORE,FROZEN_BEFORE_PHASE4_COMPATIBILITY_OUTCOMES,SENDER_SCOPE_NOT_THERAPEUTIC_PRIORITY,results/03_phase3/sender/frozen_phase4_sender_candidates.csv|config/phase4a_analysis.json
ARF1,60,S2,ROBUST_BASELINE_SENDER,PASSAGE_DEPENDENT,NO,YES,NO_OMNIPATH_SECRETED_ANNOTATION,NO,YES,YES,P2_EXTRACELLULAR_EXTENDED,FROZEN_BEFORE_PHASE4_COMPATIBILITY_OUTCOMES,SENDER_SCOPE_NOT_THERAPEUTIC_PRIORITY,results/03_phase3/sender/frozen_phase4_sender_candidates.csv|config/phase4a_analysis.json
COL6A2,61,S2,ROBUST_BASELINE_SENDER,PASSAGE_DEPENDENT,YES,YES,OMNIPATH_SECRETED_ANNOTATION,YES,YES,YES,P1_PARACRINE_CORE,FROZEN_BEFORE_PHASE4_COMPATIBILITY_OUTCOMES,SENDER_SCOPE_NOT_THERAPEUTIC_PRIORITY,results/03_phase3/sender/frozen_phase4_sender_candidates.csv|config/phase4a_analysis.json
S100A4,62,S2,ROBUST_BASELINE_SENDER,NO_CLEAR_LICENSING_EFFECT,YES,YES,OMNIPATH_SECRETED_ANNOTATION,YES,YES,YES,P1_PARACRINE_CORE,FROZEN_BEFORE_PHASE4_COMPATIBILITY_OUTCOMES,SENDER_SCOPE_NOT_THERAPEUTIC_PRIORITY,results/03_phase3/sender/frozen_phase4_sender_candidates.csv|config/phase4a_analysis.json
CALM1,63,S2,ROBUST_BASELINE_SENDER,NO_CLEAR_LICENSING_EFFECT,NO,YES,NO_OMNIPATH_SECRETED_ANNOTATION,NO,YES,YES,P2_EXTRACELLULAR_EXTENDED,FROZEN_BEFORE_PHASE4_COMPATIBILITY_OUTCOMES,SENDER_SCOPE_NOT_THERAPEUTIC_PRIORITY,results/03_phase3/sender/frozen_phase4_sender_candidates.csv|config/phase4a_analysis.json
ITM2B,64,S2,ROBUST_BASELINE_SENDER,NO_CLEAR_LICENSING_EFFECT,YES,YES,OMNIPATH_SECRETED_ANNOTATION,YES,YES,YES,P1_PARACRINE_CORE,FROZEN_BEFORE_PHASE4_COMPATIBILITY_OUTCOMES,SENDER_SCOPE_NOT_THERAPEUTIC_PRIORITY,results/03_phase3/sender/frozen_phase4_sender_candidates.csv|config/phase4a_analysis.json
CD59,65,S2,ROBUST_BASELINE_SENDER,PASSAGE_DEPENDENT,YES,YES,OMNIPATH_SECRETED_ANNOTATION,YES,YES,YES,P1_PARACRINE_CORE,FROZEN_BEFORE_PHASE4_COMPATIBILITY_OUTCOMES,SENDER_SCOPE_NOT_THERAPEUTIC_PRIORITY,results/03_phase3/sender/frozen_phase4_sender_candidates.csv|config/phase4a_analysis.json
NUCB2,66,S2,ROBUST_BASELINE_SENDER,NO_CLEAR_LICENSING_EFFECT,YES,YES,OMNIPATH_SECRETED_ANNOTATION,YES,YES,YES,P1_PARACRINE_CORE,FROZEN_BEFORE_PHASE4_COMPATIBILITY_OUTCOMES,SENDER_SCOPE_NOT_THERAPEUTIC_PRIORITY,results/03_phase3/sender/frozen_phase4_sender_candidates.csv|config/phase4a_analysis.json
COL5A2,67,S2,ROBUST_BASELINE_SENDER,DONOR_DEPENDENT,YES,YES,OMNIPATH_SECRETED_ANNOTATION,YES,YES,YES,P1_PARACRINE_CORE,FROZEN_BEFORE_PHASE4_COMPATIBILITY_OUTCOMES,SENDER_SCOPE_NOT_THERAPEUTIC_PRIORITY,results/03_phase3/sender/frozen_phase4_sender_candidates.csv|config/phase4a_analysis.json
SERPINE2,68,S2,ROBUST_BASELINE_SENDER,PASSAGE_DEPENDENT,YES,YES,OMNIPATH_SECRETED_ANNOTATION,YES,YES,YES,P1_PARACRINE_CORE,FROZEN_BEFORE_PHASE4_COMPATIBILITY_OUTCOMES,SENDER_SCOPE_NOT_THERAPEUTIC_PRIORITY,results/03_phase3/sender/frozen_phase4_sender_candidates.csv|config/phase4a_analysis.json
LGALS3,69,S2,ROBUST_BASELINE_SENDER,PASSAGE_DEPENDENT,YES,YES,OMNIPATH_SECRETED_ANNOTATION,YES,YES,YES,P1_PARACRINE_CORE,FROZEN_BEFORE_PHASE4_COMPATIBILITY_OUTCOMES,SENDER_SCOPE_NOT_THERAPEUTIC_PRIORITY,results/03_phase3/sender/frozen_phase4_sender_candidates.csv|config/phase4a_analysis.json
COL6A3,70,S2,ROBUST_BASELINE_SENDER,NO_CLEAR_LICENSING_EFFECT,YES,YES,OMNIPATH_SECRETED_ANNOTATION,YES,YES,YES,P1_PARACRINE_CORE,FROZEN_BEFORE_PHASE4_COMPATIBILITY_OUTCOMES,SENDER_SCOPE_NOT_THERAPEUTIC_PRIORITY,results/03_phase3/sender/frozen_phase4_sender_candidates.csv|config/phase4a_analysis.json
MIF,71,S2,ROBUST_BASELINE_SENDER,NO_CLEAR_LICENSING_EFFECT,YES,YES,OMNIPATH_SECRETED_ANNOTATION,YES,YES,YES,P1_PARACRINE_CORE,FROZEN_BEFORE_PHASE4_COMPATIBILITY_OUTCOMES,SENDER_SCOPE_NOT_THERAPEUTIC_PRIORITY,results/03_phase3/sender/frozen_phase4_sender_candidates.csv|config/phase4a_analysis.json
IGFBP4,72,S2,ROBUST_BASELINE_SENDER,PASSAGE_DEPENDENT,YES,YES,OMNIPATH_SECRETED_ANNOTATION,YES,YES,YES,P1_PARACRINE_CORE,FROZEN_BEFORE_PHASE4_COMPATIBILITY_OUTCOMES,SENDER_SCOPE_NOT_THERAPEUTIC_PRIORITY,results/03_phase3/sender/frozen_phase4_sender_candidates.csv|config/phase4a_analysis.json
GNAS,73,S2,ROBUST_BASELINE_SENDER,NO_CLEAR_LICENSING_EFFECT,YES,YES,OMNIPATH_SECRETED_ANNOTATION,YES,YES,YES,P1_PARACRINE_CORE,FROZEN_BEFORE_PHASE4_COMPATIBILITY_OUTCOMES,SENDER_SCOPE_NOT_THERAPEUTIC_PRIORITY,results/03_phase3/sender/frozen_phase4_sender_candidates.csv|config/phase4a_analysis.json
CLEC11A,74,S2,ROBUST_BASELINE_SENDER,NO_CLEAR_LICENSING_EFFECT,YES,YES,OMNIPATH_SECRETED_ANNOTATION,YES,YES,YES,P1_PARACRINE_CORE,FROZEN_BEFORE_PHASE4_COMPATIBILITY_OUTCOMES,SENDER_SCOPE_NOT_THERAPEUTIC_PRIORITY,results/03_phase3/sender/frozen_phase4_sender_candidates.csv|config/phase4a_analysis.json
CALM3,75,S2,ROBUST_BASELINE_SENDER,NO_CLEAR_LICENSING_EFFECT,NO,NO,NO_OMNIPATH_SECRETED_ANNOTATION,NO,NO,YES,P3_FULL_LR_SENSITIVITY,FROZEN_BEFORE_PHASE4_COMPATIBILITY_OUTCOMES,SENDER_SCOPE_NOT_THERAPEUTIC_PRIORITY,results/03_phase3/sender/frozen_phase4_sender_candidates.csv|config/phase4a_analysis.json
CIB1,76,S2,ROBUST_BASELINE_SENDER,PASSAGE_DEPENDENT,NO,NO,NO_OMNIPATH_SECRETED_ANNOTATION,NO,NO,YES,P3_FULL_LR_SENSITIVITY,FROZEN_BEFORE_PHASE4_COMPATIBILITY_OUTCOMES,SENDER_SCOPE_NOT_THERAPEUTIC_PRIORITY,results/03_phase3/sender/frozen_phase4_sender_candidates.csv|config/phase4a_analysis.json
FBN1,77,S2,ROBUST_BASELINE_SENDER,DONOR_DEPENDENT,YES,YES,OMNIPATH_SECRETED_ANNOTATION,YES,YES,YES,P1_PARACRINE_CORE,FROZEN_BEFORE_PHASE4_COMPATIBILITY_OUTCOMES,SENDER_SCOPE_NOT_THERAPEUTIC_PRIORITY,results/03_phase3/sender/frozen_phase4_sender_candidates.csv|config/phase4a_analysis.json
LRPAP1,78,S2,ROBUST_BASELINE_SENDER,DONOR_DEPENDENT,YES,YES,OMNIPATH_SECRETED_ANNOTATION,YES,YES,YES,P1_PARACRINE_CORE,FROZEN_BEFORE_PHASE4_COMPATIBILITY_OUTCOMES,SENDER_SCOPE_NOT_THERAPEUTIC_PRIORITY,results/03_phase3/sender/frozen_phase4_sender_candidates.csv|config/phase4a_analysis.json
EFEMP2,79,S2,ROBUST_BASELINE_SENDER,DONOR_DEPENDENT,YES,YES,OMNIPATH_SECRETED_ANNOTATION,YES,YES,YES,P1_PARACRINE_CORE,FROZEN_BEFORE_PHASE4_COMPATIBILITY_OUTCOMES,SENDER_SCOPE_NOT_THERAPEUTIC_PRIORITY,results/03_phase3/sender/frozen_phase4_sender_candidates.csv|config/phase4a_analysis.json
CLMP,80,S2,ROBUST_BASELINE_SENDER,NO_CLEAR_LICENSING_EFFECT,NO,NO,NO_OMNIPATH_SECRETED_ANNOTATION,NO,NO,YES,P3_FULL_LR_SENSITIVITY,FROZEN_BEFORE_PHASE4_COMPATIBILITY_OUTCOMES,SENDER_SCOPE_NOT_THERAPEUTIC_PRIORITY,results/03_phase3/sender/frozen_phase4_sender_candidates.csv|config/phase4a_analysis.json
COL12A1,81,S2,ROBUST_BASELINE_SENDER,PASSAGE_DEPENDENT,YES,YES,OMNIPATH_SECRETED_ANNOTATION,YES,YES,YES,P1_PARACRINE_CORE,FROZEN_BEFORE_PHASE4_COMPATIBILITY_OUTCOMES,SENDER_SCOPE_NOT_THERAPEUTIC_PRIORITY,results/03_phase3/sender/frozen_phase4_sender_candidates.csv|config/phase4a_analysis.json
CXCL1,82,S2,ROBUST_BASELINE_SENDER,PASSAGE_DEPENDENT,YES,YES,OMNIPATH_SECRETED_ANNOTATION,YES,YES,YES,P1_PARACRINE_CORE,FROZEN_BEFORE_PHASE4_COMPATIBILITY_OUTCOMES,SENDER_SCOPE_NOT_THERAPEUTIC_PRIORITY,results/03_phase3/sender/frozen_phase4_sender_candidates.csv|config/phase4a_analysis.json
AIMP1,83,S2,ROBUST_BASELINE_SENDER,NO_CLEAR_LICENSING_EFFECT,YES,YES,OMNIPATH_SECRETED_ANNOTATION,YES,YES,YES,P1_PARACRINE_CORE,FROZEN_BEFORE_PHASE4_COMPATIBILITY_OUTCOMES,SENDER_SCOPE_NOT_THERAPEUTIC_PRIORITY,results/03_phase3/sender/frozen_phase4_sender_candidates.csv|config/phase4a_analysis.json
COL8A1,84,S2,ROBUST_BASELINE_SENDER,PASSAGE_DEPENDENT,YES,YES,OMNIPATH_SECRETED_ANNOTATION,YES,YES,YES,P1_PARACRINE_CORE,FROZEN_BEFORE_PHASE4_COMPATIBILITY_OUTCOMES,SENDER_SCOPE_NOT_THERAPEUTIC_PRIORITY,results/03_phase3/sender/frozen_phase4_sender_candidates.csv|config/phase4a_analysis.json
CD44,85,S2,ROBUST_BASELINE_SENDER,PASSAGE_DEPENDENT,YES,YES,OMNIPATH_SECRETED_ANNOTATION,YES,YES,YES,P1_PARACRINE_CORE,FROZEN_BEFORE_PHASE4_COMPATIBILITY_OUTCOMES,SENDER_SCOPE_NOT_THERAPEUTIC_PRIORITY,results/03_phase3/sender/frozen_phase4_sender_candidates.csv|config/phase4a_analysis.json
LTBP1,86,S2,ROBUST_BASELINE_SENDER,NO_CLEAR_LICENSING_EFFECT,YES,YES,OMNIPATH_SECRETED_ANNOTATION,YES,YES,YES,P1_PARACRINE_CORE,FROZEN_BEFORE_PHASE4_COMPATIBILITY_OUTCOMES,SENDER_SCOPE_NOT_THERAPEUTIC_PRIORITY,results/03_phase3/sender/frozen_phase4_sender_candidates.csv|config/phase4a_analysis.json
VCAN,87,S2,ROBUST_BASELINE_SENDER,PASSAGE_DEPENDENT,YES,YES,OMNIPATH_SECRETED_ANNOTATION,YES,YES,YES,P1_PARACRINE_CORE,FROZEN_BEFORE_PHASE4_COMPATIBILITY_OUTCOMES,SENDER_SCOPE_NOT_THERAPEUTIC_PRIORITY,results/03_phase3/sender/frozen_phase4_sender_candidates.csv|config/phase4a_analysis.json
SARAF,88,S2,ROBUST_BASELINE_SENDER,PASSAGE_DEPENDENT,NO,NO,NO_OMNIPATH_SECRETED_ANNOTATION,NO,NO,YES,P3_FULL_LR_SENSITIVITY,FROZEN_BEFORE_PHASE4_COMPATIBILITY_OUTCOMES,SENDER_SCOPE_NOT_THERAPEUTIC_PRIORITY,results/03_phase3/sender/frozen_phase4_sender_candidates.csv|config/phase4a_analysis.json
COL4A2,89,S2,ROBUST_BASELINE_SENDER,DONOR_DEPENDENT,YES,YES,OMNIPATH_SECRETED_ANNOTATION,YES,YES,YES,P1_PARACRINE_CORE,FROZEN_BEFORE_PHASE4_COMPATIBILITY_OUTCOMES,SENDER_SCOPE_NOT_THERAPEUTIC_PRIORITY,results/03_phase3/sender/frozen_phase4_sender_candidates.csv|config/phase4a_analysis.json
APP,90,S2,ROBUST_BASELINE_SENDER,NO_CLEAR_LICENSING_EFFECT,YES,YES,OMNIPATH_SECRETED_ANNOTATION,YES,YES,YES,P1_PARACRINE_CORE,FROZEN_BEFORE_PHASE4_COMPATIBILITY_OUTCOMES,SENDER_SCOPE_NOT_THERAPEUTIC_PRIORITY,results/03_phase3/sender/frozen_phase4_sender_candidates.csv|config/phase4a_analysis.json
HEBP1,91,S2,ROBUST_BASELINE_SENDER,NO_CLEAR_LICENSING_EFFECT,YES,YES,OMNIPATH_SECRETED_ANNOTATION,YES,YES,YES,P1_PARACRINE_CORE,FROZEN_BEFORE_PHASE4_COMPATIBILITY_OUTCOMES,SENDER_SCOPE_NOT_THERAPEUTIC_PRIORITY,results/03_phase3/sender/frozen_phase4_sender_candidates.csv|config/phase4a_analysis.json
COL5A1,92,S2,ROBUST_BASELINE_SENDER,PASSAGE_DEPENDENT,YES,YES,OMNIPATH_SECRETED_ANNOTATION,YES,YES,YES,P1_PARACRINE_CORE,FROZEN_BEFORE_PHASE4_COMPATIBILITY_OUTCOMES,SENDER_SCOPE_NOT_THERAPEUTIC_PRIORITY,results/03_phase3/sender/frozen_phase4_sender_candidates.csv|config/phase4a_analysis.json
LUM,93,S2,ROBUST_BASELINE_SENDER,DONOR_DEPENDENT,YES,YES,OMNIPATH_SECRETED_ANNOTATION,YES,YES,YES,P1_PARACRINE_CORE,FROZEN_BEFORE_PHASE4_COMPATIBILITY_OUTCOMES,SENDER_SCOPE_NOT_THERAPEUTIC_PRIORITY,results/03_phase3/sender/frozen_phase4_sender_candidates.csv|config/phase4a_analysis.json
LAMC1,94,S2,ROBUST_BASELINE_SENDER,NO_CLEAR_LICENSING_EFFECT,YES,YES,OMNIPATH_SECRETED_ANNOTATION,YES,YES,YES,P1_PARACRINE_CORE,FROZEN_BEFORE_PHASE4_COMPATIBILITY_OUTCOMES,SENDER_SCOPE_NOT_THERAPEUTIC_PRIORITY,results/03_phase3/sender/frozen_phase4_sender_candidates.csv|config/phase4a_analysis.json
TSPAN3,95,S2,ROBUST_BASELINE_SENDER,NO_CLEAR_LICENSING_EFFECT,NO,NO,NO_OMNIPATH_SECRETED_ANNOTATION,NO,NO,YES,P3_FULL_LR_SENSITIVITY,FROZEN_BEFORE_PHASE4_COMPATIBILITY_OUTCOMES,SENDER_SCOPE_NOT_THERAPEUTIC_PRIORITY,results/03_phase3/sender/frozen_phase4_sender_candidates.csv|config/phase4a_analysis.json
CKLF,96,S2,ROBUST_BASELINE_SENDER,DONOR_DEPENDENT,YES,YES,OMNIPATH_SECRETED_ANNOTATION,YES,YES,YES,P1_PARACRINE_CORE,FROZEN_BEFORE_PHASE4_COMPATIBILITY_OUTCOMES,SENDER_SCOPE_NOT_THERAPEUTIC_PRIORITY,results/03_phase3/sender/frozen_phase4_sender_candidates.csv|config/phase4a_analysis.json
MFGE8,97,S2,ROBUST_BASELINE_SENDER,PASSAGE_DEPENDENT,YES,YES,OMNIPATH_SECRETED_ANNOTATION,YES,YES,YES,P1_PARACRINE_CORE,FROZEN_BEFORE_PHASE4_COMPATIBILITY_OUTCOMES,SENDER_SCOPE_NOT_THERAPEUTIC_PRIORITY,results/03_phase3/sender/frozen_phase4_sender_candidates.csv|config/phase4a_analysis.json
TGFBI,98,S2,ROBUST_BASELINE_SENDER,PASSAGE_DEPENDENT,YES,YES,OMNIPATH_SECRETED_ANNOTATION,YES,YES,YES,P1_PARACRINE_CORE,FROZEN_BEFORE_PHASE4_COMPATIBILITY_OUTCOMES,SENDER_SCOPE_NOT_THERAPEUTIC_PRIORITY,results/03_phase3/sender/frozen_phase4_sender_candidates.csv|config/phase4a_analysis.json
COPA,99,S2,ROBUST_BASELINE_SENDER,NO_CLEAR_LICENSING_EFFECT,YES,YES,OMNIPATH_SECRETED_ANNOTATION,YES,YES,YES,P1_PARACRINE_CORE,FROZEN_BEFORE_PHASE4_COMPATIBILITY_OUTCOMES,SENDER_SCOPE_NOT_THERAPEUTIC_PRIORITY,results/03_phase3/sender/frozen_phase4_sender_candidates.csv|config/phase4a_analysis.json
LAYN,100,S2,ROBUST_BASELINE_SENDER,PASSAGE_DEPENDENT,NO,YES,NO_OMNIPATH_SECRETED_ANNOTATION,NO,YES,YES,P2_EXTRACELLULAR_EXTENDED,FROZEN_BEFORE_PHASE4_COMPATIBILITY_OUTCOMES,SENDER_SCOPE_NOT_THERAPEUTIC_PRIORITY,results/03_phase3/sender/frozen_phase4_sender_candidates.csv|config/phase4a_analysis.json
CTSD,101,S2,ROBUST_BASELINE_SENDER,PASSAGE_DEPENDENT,YES,YES,OMNIPATH_SECRETED_ANNOTATION,YES,YES,YES,P1_PARACRINE_CORE,FROZEN_BEFORE_PHASE4_COMPATIBILITY_OUTCOMES,SENDER_SCOPE_NOT_THERAPEUTIC_PRIORITY,results/03_phase3/sender/frozen_phase4_sender_candidates.csv|config/phase4a_analysis.json
FAM3C,102,S2,ROBUST_BASELINE_SENDER,NO_CLEAR_LICENSING_EFFECT,YES,YES,OMNIPATH_SECRETED_ANNOTATION,YES,YES,YES,P1_PARACRINE_CORE,FROZEN_BEFORE_PHASE4_COMPATIBILITY_OUTCOMES,SENDER_SCOPE_NOT_THERAPEUTIC_PRIORITY,results/03_phase3/sender/frozen_phase4_sender_candidates.csv|config/phase4a_analysis.json
COL4A1,103,S2,ROBUST_BASELINE_SENDER,DONOR_DEPENDENT,YES,YES,OMNIPATH_SECRETED_ANNOTATION,YES,YES,YES,P1_PARACRINE_CORE,FROZEN_BEFORE_PHASE4_COMPATIBILITY_OUTCOMES,SENDER_SCOPE_NOT_THERAPEUTIC_PRIORITY,results/03_phase3/sender/frozen_phase4_sender_candidates.csv|config/phase4a_analysis.json
TGOLN2,104,S2,ROBUST_BASELINE_SENDER,NO_CLEAR_LICENSING_EFFECT,NO,NO,NO_OMNIPATH_SECRETED_ANNOTATION,NO,NO,YES,P3_FULL_LR_SENSITIVITY,FROZEN_BEFORE_PHASE4_COMPATIBILITY_OUTCOMES,SENDER_SCOPE_NOT_THERAPEUTIC_PRIORITY,results/03_phase3/sender/frozen_phase4_sender_candidates.csv|config/phase4a_analysis.json
PLAT,105,S2,ROBUST_BASELINE_SENDER,PASSAGE_DEPENDENT,YES,YES,OMNIPATH_SECRETED_ANNOTATION,YES,YES,YES,P1_PARACRINE_CORE,FROZEN_BEFORE_PHASE4_COMPATIBILITY_OUTCOMES,SENDER_SCOPE_NOT_THERAPEUTIC_PRIORITY,results/03_phase3/sender/frozen_phase4_sender_candidates.csv|config/phase4a_analysis.json
ADAM9,106,S2,ROBUST_BASELINE_SENDER,NO_CLEAR_LICENSING_EFFECT,YES,YES,OMNIPATH_SECRETED_ANNOTATION,YES,YES,YES,P1_PARACRINE_CORE,FROZEN_BEFORE_PHASE4_COMPATIBILITY_OUTCOMES,SENDER_SCOPE_NOT_THERAPEUTIC_PRIORITY,results/03_phase3/sender/frozen_phase4_sender_candidates.csv|config/phase4a_analysis.json
NRP1,107,S2,ROBUST_BASELINE_SENDER,NO_CLEAR_LICENSING_EFFECT,YES,YES,OMNIPATH_SECRETED_ANNOTATION,YES,YES,YES,P1_PARACRINE_CORE,FROZEN_BEFORE_PHASE4_COMPATIBILITY_OUTCOMES,SENDER_SCOPE_NOT_THERAPEUTIC_PRIORITY,results/03_phase3/sender/frozen_phase4_sender_candidates.csv|config/phase4a_analysis.json
CD320,108,S2,ROBUST_BASELINE_SENDER,DONOR_DEPENDENT,NO,NO,NO_OMNIPATH_SECRETED_ANNOTATION,NO,NO,YES,P3_FULL_LR_SENSITIVITY,FROZEN_BEFORE_PHASE4_COMPATIBILITY_OUTCOMES,SENDER_SCOPE_NOT_THERAPEUTIC_PRIORITY,results/03_phase3/sender/frozen_phase4_sender_candidates.csv|config/phase4a_analysis.json
TGFB1,109,S2,ROBUST_BASELINE_SENDER,PASSAGE_DEPENDENT,YES,YES,OMNIPATH_SECRETED_ANNOTATION,YES,YES,YES,P1_PARACRINE_CORE,FROZEN_BEFORE_PHASE4_COMPATIBILITY_OUTCOMES,SENDER_SCOPE_NOT_THERAPEUTIC_PRIORITY,results/03_phase3/sender/frozen_phase4_sender_candidates.csv|config/phase4a_analysis.json
GRN,110,S2,ROBUST_BASELINE_SENDER,PASSAGE_DEPENDENT,YES,YES,OMNIPATH_SECRETED_ANNOTATION,YES,YES,YES,P1_PARACRINE_CORE,FROZEN_BEFORE_PHASE4_COMPATIBILITY_OUTCOMES,SENDER_SCOPE_NOT_THERAPEUTIC_PRIORITY,results/03_phase3/sender/frozen_phase4_sender_candidates.csv|config/phase4a_analysis.json
FBLN1,111,S2,ROBUST_BASELINE_SENDER,DONOR_DEPENDENT,YES,YES,OMNIPATH_SECRETED_ANNOTATION,YES,YES,YES,P1_PARACRINE_CORE,FROZEN_BEFORE_PHASE4_COMPATIBILITY_OUTCOMES,SENDER_SCOPE_NOT_THERAPEUTIC_PRIORITY,results/03_phase3/sender/frozen_phase4_sender_candidates.csv|config/phase4a_analysis.json
GLG1,112,S2,ROBUST_BASELINE_SENDER,PASSAGE_DEPENDENT,YES,YES,OMNIPATH_SECRETED_ANNOTATION,YES,YES,YES,P1_PARACRINE_CORE,FROZEN_BEFORE_PHASE4_COMPATIBILITY_OUTCOMES,SENDER_SCOPE_NOT_THERAPEUTIC_PRIORITY,results/03_phase3/sender/frozen_phase4_sender_candidates.csv|config/phase4a_analysis.json
TIMP2,113,S2,ROBUST_BASELINE_SENDER,NO_CLEAR_LICENSING_EFFECT,YES,YES,OMNIPATH_SECRETED_ANNOTATION,YES,YES,YES,P1_PARACRINE_CORE,FROZEN_BEFORE_PHASE4_COMPATIBILITY_OUTCOMES,SENDER_SCOPE_NOT_THERAPEUTIC_PRIORITY,results/03_phase3/sender/frozen_phase4_sender_candidates.csv|config/phase4a_analysis.json
PSAP,114,S2,ROBUST_BASELINE_SENDER,PASSAGE_DEPENDENT,YES,YES,OMNIPATH_SECRETED_ANNOTATION,YES,YES,YES,P1_PARACRINE_CORE,FROZEN_BEFORE_PHASE4_COMPATIBILITY_OUTCOMES,SENDER_SCOPE_NOT_THERAPEUTIC_PRIORITY,results/03_phase3/sender/frozen_phase4_sender_candidates.csv|config/phase4a_analysis.json
GPI,115,S2,ROBUST_BASELINE_SENDER,NO_CLEAR_LICENSING_EFFECT,YES,YES,OMNIPATH_SECRETED_ANNOTATION,YES,YES,YES,P1_PARACRINE_CORE,FROZEN_BEFORE_PHASE4_COMPATIBILITY_OUTCOMES,SENDER_SCOPE_NOT_THERAPEUTIC_PRIORITY,results/03_phase3/sender/frozen_phase4_sender_candidates.csv|config/phase4a_analysis.json
CD47,116,S2,ROBUST_BASELINE_SENDER,NO_CLEAR_LICENSING_EFFECT,NO,YES,NO_OMNIPATH_SECRETED_ANNOTATION,NO,YES,YES,P2_EXTRACELLULAR_EXTENDED,FROZEN_BEFORE_PHASE4_COMPATIBILITY_OUTCOMES,SENDER_SCOPE_NOT_THERAPEUTIC_PRIORITY,results/03_phase3/sender/frozen_phase4_sender_candidates.csv|config/phase4a_analysis.json
MFAP2,117,S2,ROBUST_BASELINE_SENDER,PASSAGE_DEPENDENT,YES,YES,OMNIPATH_SECRETED_ANNOTATION,YES,YES,YES,P1_PARACRINE_CORE,FROZEN_BEFORE_PHASE4_COMPATIBILITY_OUTCOMES,SENDER_SCOPE_NOT_THERAPEUTIC_PRIORITY,results/03_phase3/sender/frozen_phase4_sender_candidates.csv|config/phase4a_analysis.json
BGN,118,S2,ROBUST_BASELINE_SENDER,DONOR_DEPENDENT,YES,YES,OMNIPATH_SECRETED_ANNOTATION,YES,YES,YES,P1_PARACRINE_CORE,FROZEN_BEFORE_PHASE4_COMPATIBILITY_OUTCOMES,SENDER_SCOPE_NOT_THERAPEUTIC_PRIORITY,results/03_phase3/sender/frozen_phase4_sender_candidates.csv|config/phase4a_analysis.json
MMP2,119,S2,ROBUST_BASELINE_SENDER,PASSAGE_DEPENDENT,YES,YES,OMNIPATH_SECRETED_ANNOTATION,YES,YES,YES,P1_PARACRINE_CORE,FROZEN_BEFORE_PHASE4_COMPATIBILITY_OUTCOMES,SENDER_SCOPE_NOT_THERAPEUTIC_PRIORITY,results/03_phase3/sender/frozen_phase4_sender_candidates.csv|config/phase4a_analysis.json
PRNP,120,S2,ROBUST_BASELINE_SENDER,PASSAGE_DEPENDENT,NO,YES,NO_OMNIPATH_SECRETED_ANNOTATION,NO,YES,YES,P2_EXTRACELLULAR_EXTENDED,FROZEN_BEFORE_PHASE4_COMPATIBILITY_OUTCOMES,SENDER_SCOPE_NOT_THERAPEUTIC_PRIORITY,results/03_phase3/sender/frozen_phase4_sender_candidates.csv|config/phase4a_analysis.json
ANGPTL4,121,S2,ROBUST_BASELINE_SENDER,PASSAGE_DEPENDENT,YES,YES,OMNIPATH_SECRETED_ANNOTATION,YES,YES,YES,P1_PARACRINE_CORE,FROZEN_BEFORE_PHASE4_COMPATIBILITY_OUTCOMES,SENDER_SCOPE_NOT_THERAPEUTIC_PRIORITY,results/03_phase3/sender/frozen_phase4_sender_candidates.csv|config/phase4a_analysis.json
ATP1B1,122,S2,ROBUST_BASELINE_SENDER,PASSAGE_DEPENDENT,NO,YES,NO_OMNIPATH_SECRETED_ANNOTATION,NO,YES,YES,P2_EXTRACELLULAR_EXTENDED,FROZEN_BEFORE_PHASE4_COMPATIBILITY_OUTCOMES,SENDER_SCOPE_NOT_THERAPEUTIC_PRIORITY,results/03_phase3/sender/frozen_phase4_sender_candidates.csv|config/phase4a_analysis.json
TFPI,123,S2,ROBUST_BASELINE_SENDER,PASSAGE_DEPENDENT,YES,YES,OMNIPATH_SECRETED_ANNOTATION,YES,YES,YES,P1_PARACRINE_CORE,FROZEN_BEFORE_PHASE4_COMPATIBILITY_OUTCOMES,SENDER_SCOPE_NOT_THERAPEUTIC_PRIORITY,results/03_phase3/sender/frozen_phase4_sender_candidates.csv|config/phase4a_analysis.json
MMP14,124,S2,ROBUST_BASELINE_SENDER,PASSAGE_DEPENDENT,NO,YES,NO_OMNIPATH_SECRETED_ANNOTATION,NO,YES,YES,P2_EXTRACELLULAR_EXTENDED,FROZEN_BEFORE_PHASE4_COMPATIBILITY_OUTCOMES,SENDER_SCOPE_NOT_THERAPEUTIC_PRIORITY,results/03_phase3/sender/frozen_phase4_sender_candidates.csv|config/phase4a_analysis.json
WNT5A,125,S2,ROBUST_BASELINE_SENDER,PASSAGE_DEPENDENT,YES,YES,OMNIPATH_SECRETED_ANNOTATION,YES,YES,YES,P1_PARACRINE_CORE,FROZEN_BEFORE_PHASE4_COMPATIBILITY_OUTCOMES,SENDER_SCOPE_NOT_THERAPEUTIC_PRIORITY,results/03_phase3/sender/frozen_phase4_sender_candidates.csv|config/phase4a_analysis.json
ENG,126,S2,ROBUST_BASELINE_SENDER,PASSAGE_DEPENDENT,NO,YES,NO_OMNIPATH_SECRETED_ANNOTATION,NO,YES,YES,P2_EXTRACELLULAR_EXTENDED,FROZEN_BEFORE_PHASE4_COMPATIBILITY_OUTCOMES,SENDER_SCOPE_NOT_THERAPEUTIC_PRIORITY,results/03_phase3/sender/frozen_phase4_sender_candidates.csv|config/phase4a_analysis.json
ADM,127,S2,ROBUST_BASELINE_SENDER,PASSAGE_DEPENDENT,YES,YES,OMNIPATH_SECRETED_ANNOTATION,YES,YES,YES,P1_PARACRINE_CORE,FROZEN_BEFORE_PHASE4_COMPATIBILITY_OUTCOMES,SENDER_SCOPE_NOT_THERAPEUTIC_PRIORITY,results/03_phase3/sender/frozen_phase4_sender_candidates.csv|config/phase4a_analysis.json
DKK3,128,S2,ROBUST_BASELINE_SENDER,NO_CLEAR_LICENSING_EFFECT,YES,YES,OMNIPATH_SECRETED_ANNOTATION,YES,YES,YES,P1_PARACRINE_CORE,FROZEN_BEFORE_PHASE4_COMPATIBILITY_OUTCOMES,SENDER_SCOPE_NOT_THERAPEUTIC_PRIORITY,results/03_phase3/sender/frozen_phase4_sender_candidates.csv|config/phase4a_analysis.json
TGM2,129,S2,ROBUST_BASELINE_SENDER,NO_CLEAR_LICENSING_EFFECT,YES,YES,OMNIPATH_SECRETED_ANNOTATION,YES,YES,YES,P1_PARACRINE_CORE,FROZEN_BEFORE_PHASE4_COMPATIBILITY_OUTCOMES,SENDER_SCOPE_NOT_THERAPEUTIC_PRIORITY,results/03_phase3/sender/frozen_phase4_sender_candidates.csv|config/phase4a_analysis.json
GAS6,130,S2,ROBUST_BASELINE_SENDER,PASSAGE_DEPENDENT,YES,YES,OMNIPATH_SECRETED_ANNOTATION,YES,YES,YES,P1_PARACRINE_CORE,FROZEN_BEFORE_PHASE4_COMPATIBILITY_OUTCOMES,SENDER_SCOPE_NOT_THERAPEUTIC_PRIORITY,results/03_phase3/sender/frozen_phase4_sender_candidates.csv|config/phase4a_analysis.json
BDNF,131,S2,ROBUST_BASELINE_SENDER,NO_CLEAR_LICENSING_EFFECT,YES,YES,OMNIPATH_SECRETED_ANNOTATION,YES,YES,YES,P1_PARACRINE_CORE,FROZEN_BEFORE_PHASE4_COMPATIBILITY_OUTCOMES,SENDER_SCOPE_NOT_THERAPEUTIC_PRIORITY,results/03_phase3/sender/frozen_phase4_sender_candidates.csv|config/phase4a_analysis.json
ANTXR1,132,S2,ROBUST_BASELINE_SENDER,PASSAGE_DEPENDENT,NO,YES,NO_OMNIPATH_SECRETED_ANNOTATION,NO,YES,YES,P2_EXTRACELLULAR_EXTENDED,FROZEN_BEFORE_PHASE4_COMPATIBILITY_OUTCOMES,SENDER_SCOPE_NOT_THERAPEUTIC_PRIORITY,results/03_phase3/sender/frozen_phase4_sender_candidates.csv|config/phase4a_analysis.json
CD55,133,S2,ROBUST_BASELINE_SENDER,PASSAGE_DEPENDENT,YES,YES,OMNIPATH_SECRETED_ANNOTATION,YES,YES,YES,P1_PARACRINE_CORE,FROZEN_BEFORE_PHASE4_COMPATIBILITY_OUTCOMES,SENDER_SCOPE_NOT_THERAPEUTIC_PRIORITY,results/03_phase3/sender/frozen_phase4_sender_candidates.csv|config/phase4a_analysis.json
ALCAM,134,S2,ROBUST_BASELINE_SENDER,NO_CLEAR_LICENSING_EFFECT,YES,YES,OMNIPATH_SECRETED_ANNOTATION,YES,YES,YES,P1_PARACRINE_CORE,FROZEN_BEFORE_PHASE4_COMPATIBILITY_OUTCOMES,SENDER_SCOPE_NOT_THERAPEUTIC_PRIORITY,results/03_phase3/sender/frozen_phase4_sender_candidates.csv|config/phase4a_analysis.json
ECM1,135,S2,ROBUST_BASELINE_SENDER,DONOR_DEPENDENT,YES,YES,OMNIPATH_SECRETED_ANNOTATION,YES,YES,YES,P1_PARACRINE_CORE,FROZEN_BEFORE_PHASE4_COMPATIBILITY_OUTCOMES,SENDER_SCOPE_NOT_THERAPEUTIC_PRIORITY,results/03_phase3/sender/frozen_phase4_sender_candidates.csv|config/phase4a_analysis.json
EDIL3,136,S2,ROBUST_BASELINE_SENDER,DONOR_DEPENDENT,YES,YES,OMNIPATH_SECRETED_ANNOTATION,YES,YES,YES,P1_PARACRINE_CORE,FROZEN_BEFORE_PHASE4_COMPATIBILITY_OUTCOMES,SENDER_SCOPE_NOT_THERAPEUTIC_PRIORITY,results/03_phase3/sender/frozen_phase4_sender_candidates.csv|config/phase4a_analysis.json
FAP,137,S2,ROBUST_BASELINE_SENDER,PASSAGE_DEPENDENT,YES,YES,OMNIPATH_SECRETED_ANNOTATION,YES,YES,YES,P1_PARACRINE_CORE,FROZEN_BEFORE_PHASE4_COMPATIBILITY_OUTCOMES,SENDER_SCOPE_NOT_THERAPEUTIC_PRIORITY,results/03_phase3/sender/frozen_phase4_sender_candidates.csv|config/phase4a_analysis.json
EZR,138,S2,ROBUST_BASELINE_SENDER,NO_CLEAR_LICENSING_EFFECT,NO,YES,NO_OMNIPATH_SECRETED_ANNOTATION,NO,YES,YES,P2_EXTRACELLULAR_EXTENDED,FROZEN_BEFORE_PHASE4_COMPATIBILITY_OUTCOMES,SENDER_SCOPE_NOT_THERAPEUTIC_PRIORITY,results/03_phase3/sender/frozen_phase4_sender_candidates.csv|config/phase4a_analysis.json
CDH2,139,S2,ROBUST_BASELINE_SENDER,NO_CLEAR_LICENSING_EFFECT,NO,NO,NO_OMNIPATH_SECRETED_ANNOTATION,NO,NO,YES,P3_FULL_LR_SENSITIVITY,FROZEN_BEFORE_PHASE4_COMPATIBILITY_OUTCOMES,SENDER_SCOPE_NOT_THERAPEUTIC_PRIORITY,results/03_phase3/sender/frozen_phase4_sender_candidates.csv|config/phase4a_analysis.json
ADAM10,140,S2,ROBUST_BASELINE_SENDER,NO_CLEAR_LICENSING_EFFECT,NO,YES,NO_OMNIPATH_SECRETED_ANNOTATION,NO,YES,YES,P2_EXTRACELLULAR_EXTENDED,FROZEN_BEFORE_PHASE4_COMPATIBILITY_OUTCOMES,SENDER_SCOPE_NOT_THERAPEUTIC_PRIORITY,results/03_phase3/sender/frozen_phase4_sender_candidates.csv|config/phase4a_analysis.json
SHISA4,141,S2,ROBUST_BASELINE_SENDER,PASSAGE_DEPENDENT,NO,NO,NO_OMNIPATH_SECRETED_ANNOTATION,NO,NO,YES,P3_FULL_LR_SENSITIVITY,FROZEN_BEFORE_PHASE4_COMPATIBILITY_OUTCOMES,SENDER_SCOPE_NOT_THERAPEUTIC_PRIORITY,results/03_phase3/sender/frozen_phase4_sender_candidates.csv|config/phase4a_analysis.json
HSPG2,142,S2,ROBUST_BASELINE_SENDER,PASSAGE_DEPENDENT,YES,YES,OMNIPATH_SECRETED_ANNOTATION,YES,YES,YES,P1_PARACRINE_CORE,FROZEN_BEFORE_PHASE4_COMPATIBILITY_OUTCOMES,SENDER_SCOPE_NOT_THERAPEUTIC_PRIORITY,results/03_phase3/sender/frozen_phase4_sender_candidates.csv|config/phase4a_analysis.json
ANPEP,143,S2,ROBUST_BASELINE_SENDER,PASSAGE_DEPENDENT,YES,YES,OMNIPATH_SECRETED_ANNOTATION,YES,YES,YES,P1_PARACRINE_CORE,FROZEN_BEFORE_PHASE4_COMPATIBILITY_OUTCOMES,SENDER_SCOPE_NOT_THERAPEUTIC_PRIORITY,results/03_phase3/sender/frozen_phase4_sender_candidates.csv|config/phase4a_analysis.json
MICA,144,S2,ROBUST_BASELINE_SENDER,PASSAGE_DEPENDENT,YES,YES,OMNIPATH_SECRETED_ANNOTATION,YES,YES,YES,P1_PARACRINE_CORE,FROZEN_BEFORE_PHASE4_COMPATIBILITY_OUTCOMES,SENDER_SCOPE_NOT_THERAPEUTIC_PRIORITY,results/03_phase3/sender/frozen_phase4_sender_candidates.csv|config/phase4a_analysis.json
TNFSF12,145,S2,ROBUST_BASELINE_SENDER,NO_CLEAR_LICENSING_EFFECT,YES,YES,OMNIPATH_SECRETED_ANNOTATION,YES,YES,YES,P1_PARACRINE_CORE,FROZEN_BEFORE_PHASE4_COMPATIBILITY_OUTCOMES,SENDER_SCOPE_NOT_THERAPEUTIC_PRIORITY,results/03_phase3/sender/frozen_phase4_sender_candidates.csv|config/phase4a_analysis.json
PTDSS1,146,S2,ROBUST_BASELINE_SENDER,PASSAGE_DEPENDENT,NO,YES,NO_OMNIPATH_SECRETED_ANNOTATION,NO,YES,YES,P2_EXTRACELLULAR_EXTENDED,FROZEN_BEFORE_PHASE4_COMPATIBILITY_OUTCOMES,SENDER_SCOPE_NOT_THERAPEUTIC_PRIORITY,results/03_phase3/sender/frozen_phase4_sender_candidates.csv|config/phase4a_analysis.json
CXCL2,147,S2,ROBUST_BASELINE_SENDER,PASSAGE_DEPENDENT,YES,YES,OMNIPATH_SECRETED_ANNOTATION,YES,YES,YES,P1_PARACRINE_CORE,FROZEN_BEFORE_PHASE4_COMPATIBILITY_OUTCOMES,SENDER_SCOPE_NOT_THERAPEUTIC_PRIORITY,results/03_phase3/sender/frozen_phase4_sender_candidates.csv|config/phase4a_analysis.json
RECK,148,S2,ROBUST_BASELINE_SENDER,NO_CLEAR_LICENSING_EFFECT,NO,YES,NO_OMNIPATH_SECRETED_ANNOTATION,NO,YES,YES,P2_EXTRACELLULAR_EXTENDED,FROZEN_BEFORE_PHASE4_COMPATIBILITY_OUTCOMES,SENDER_SCOPE_NOT_THERAPEUTIC_PRIORITY,results/03_phase3/sender/frozen_phase4_sender_candidates.csv|config/phase4a_analysis.json
NID1,149,S2,ROBUST_BASELINE_SENDER,PASSAGE_DEPENDENT,YES,YES,OMNIPATH_SECRETED_ANNOTATION,YES,YES,YES,P1_PARACRINE_CORE,FROZEN_BEFORE_PHASE4_COMPATIBILITY_OUTCOMES,SENDER_SCOPE_NOT_THERAPEUTIC_PRIORITY,results/03_phase3/sender/frozen_phase4_sender_candidates.csv|config/phase4a_analysis.json
DSG2,150,S2,ROBUST_BASELINE_SENDER,PASSAGE_DEPENDENT,YES,YES,OMNIPATH_SECRETED_ANNOTATION,YES,YES,YES,P1_PARACRINE_CORE,FROZEN_BEFORE_PHASE4_COMPATIBILITY_OUTCOMES,SENDER_SCOPE_NOT_THERAPEUTIC_PRIORITY,results/03_phase3/sender/frozen_phase4_sender_candidates.csv|config/phase4a_analysis.json
COL18A1,151,S2,ROBUST_BASELINE_SENDER,PASSAGE_DEPENDENT,YES,YES,OMNIPATH_SECRETED_ANNOTATION,YES,YES,YES,P1_PARACRINE_CORE,FROZEN_BEFORE_PHASE4_COMPATIBILITY_OUTCOMES,SENDER_SCOPE_NOT_THERAPEUTIC_PRIORITY,results/03_phase3/sender/frozen_phase4_sender_candidates.csv|config/phase4a_analysis.json
INHBA,152,S2,ROBUST_BASELINE_SENDER,PASSAGE_DEPENDENT,YES,YES,OMNIPATH_SECRETED_ANNOTATION,YES,YES,YES,P1_PARACRINE_CORE,FROZEN_BEFORE_PHASE4_COMPATIBILITY_OUTCOMES,SENDER_SCOPE_NOT_THERAPEUTIC_PRIORITY,results/03_phase3/sender/frozen_phase4_sender_candidates.csv|config/phase4a_analysis.json
CLU,153,S2,ROBUST_BASELINE_SENDER,DONOR_DEPENDENT,YES,YES,OMNIPATH_SECRETED_ANNOTATION,YES,YES,YES,P1_PARACRINE_CORE,FROZEN_BEFORE_PHASE4_COMPATIBILITY_OUTCOMES,SENDER_SCOPE_NOT_THERAPEUTIC_PRIORITY,results/03_phase3/sender/frozen_phase4_sender_candidates.csv|config/phase4a_analysis.json
CXCL3,154,S2,ROBUST_BASELINE_SENDER,PASSAGE_DEPENDENT,YES,YES,OMNIPATH_SECRETED_ANNOTATION,YES,YES,YES,P1_PARACRINE_CORE,FROZEN_BEFORE_PHASE4_COMPATIBILITY_OUTCOMES,SENDER_SCOPE_NOT_THERAPEUTIC_PRIORITY,results/03_phase3/sender/frozen_phase4_sender_candidates.csv|config/phase4a_analysis.json
VEGFA,155,S2,ROBUST_BASELINE_SENDER,PASSAGE_DEPENDENT,YES,YES,OMNIPATH_SECRETED_ANNOTATION,YES,YES,YES,P1_PARACRINE_CORE,FROZEN_BEFORE_PHASE4_COMPATIBILITY_OUTCOMES,SENDER_SCOPE_NOT_THERAPEUTIC_PRIORITY,results/03_phase3/sender/frozen_phase4_sender_candidates.csv|config/phase4a_analysis.json
IL1B,156,S2,ROBUST_BASELINE_SENDER,PASSAGE_DEPENDENT,YES,YES,OMNIPATH_SECRETED_ANNOTATION,YES,YES,YES,P1_PARACRINE_CORE,FROZEN_BEFORE_PHASE4_COMPATIBILITY_OUTCOMES,SENDER_SCOPE_NOT_THERAPEUTIC_PRIORITY,results/03_phase3/sender/frozen_phase4_sender_candidates.csv|config/phase4a_analysis.json
UXS1,157,S2,ROBUST_BASELINE_SENDER,DONOR_DEPENDENT,NO,NO,NO_OMNIPATH_SECRETED_ANNOTATION,NO,NO,YES,P3_FULL_LR_SENSITIVITY,FROZEN_BEFORE_PHASE4_COMPATIBILITY_OUTCOMES,SENDER_SCOPE_NOT_THERAPEUTIC_PRIORITY,results/03_phase3/sender/frozen_phase4_sender_candidates.csv|config/phase4a_analysis.json
CXCL6,158,S2,ROBUST_BASELINE_SENDER,PASSAGE_DEPENDENT,YES,YES,OMNIPATH_SECRETED_ANNOTATION,YES,YES,YES,P1_PARACRINE_CORE,FROZEN_BEFORE_PHASE4_COMPATIBILITY_OUTCOMES,SENDER_SCOPE_NOT_THERAPEUTIC_PRIORITY,results/03_phase3/sender/frozen_phase4_sender_candidates.csv|config/phase4a_analysis.json
ICAM3,159,S2,ROBUST_BASELINE_SENDER,NO_CLEAR_LICENSING_EFFECT,NO,YES,NO_OMNIPATH_SECRETED_ANNOTATION,NO,YES,YES,P2_EXTRACELLULAR_EXTENDED,FROZEN_BEFORE_PHASE4_COMPATIBILITY_OUTCOMES,SENDER_SCOPE_NOT_THERAPEUTIC_PRIORITY,results/03_phase3/sender/frozen_phase4_sender_candidates.csv|config/phase4a_analysis.json
APOO,160,S2,ROBUST_BASELINE_SENDER,PASSAGE_DEPENDENT,YES,YES,OMNIPATH_SECRETED_ANNOTATION,YES,YES,YES,P1_PARACRINE_CORE,FROZEN_BEFORE_PHASE4_COMPATIBILITY_OUTCOMES,SENDER_SCOPE_NOT_THERAPEUTIC_PRIORITY,results/03_phase3/sender/frozen_phase4_sender_candidates.csv|config/phase4a_analysis.json
NMB,161,S2,ROBUST_BASELINE_SENDER,DONOR_DEPENDENT,YES,YES,OMNIPATH_SECRETED_ANNOTATION,YES,YES,YES,P1_PARACRINE_CORE,FROZEN_BEFORE_PHASE4_COMPATIBILITY_OUTCOMES,SENDER_SCOPE_NOT_THERAPEUTIC_PRIORITY,results/03_phase3/sender/frozen_phase4_sender_candidates.csv|config/phase4a_analysis.json
BACE1,162,S2,ROBUST_BASELINE_SENDER,NO_CLEAR_LICENSING_EFFECT,NO,YES,NO_OMNIPATH_SECRETED_ANNOTATION,NO,YES,YES,P2_EXTRACELLULAR_EXTENDED,FROZEN_BEFORE_PHASE4_COMPATIBILITY_OUTCOMES,SENDER_SCOPE_NOT_THERAPEUTIC_PRIORITY,results/03_phase3/sender/frozen_phase4_sender_candidates.csv|config/phase4a_analysis.json
ITGA4,163,S2,ROBUST_BASELINE_SENDER,PASSAGE_DEPENDENT,NO,YES,NO_OMNIPATH_SECRETED_ANNOTATION,NO,YES,YES,P2_EXTRACELLULAR_EXTENDED,FROZEN_BEFORE_PHASE4_COMPATIBILITY_OUTCOMES,SENDER_SCOPE_NOT_THERAPEUTIC_PRIORITY,results/03_phase3/sender/frozen_phase4_sender_candidates.csv|config/phase4a_analysis.json
TCTN3,164,S2,ROBUST_BASELINE_SENDER,NO_CLEAR_LICENSING_EFFECT,NO,NO,NO_OMNIPATH_SECRETED_ANNOTATION,NO,NO,YES,P3_FULL_LR_SENSITIVITY,FROZEN_BEFORE_PHASE4_COMPATIBILITY_OUTCOMES,SENDER_SCOPE_NOT_THERAPEUTIC_PRIORITY,results/03_phase3/sender/frozen_phase4_sender_candidates.csv|config/phase4a_analysis.json
LAMB2,165,S2,ROBUST_BASELINE_SENDER,PASSAGE_DEPENDENT,YES,YES,OMNIPATH_SECRETED_ANNOTATION,YES,YES,YES,P1_PARACRINE_CORE,FROZEN_BEFORE_PHASE4_COMPATIBILITY_OUTCOMES,SENDER_SCOPE_NOT_THERAPEUTIC_PRIORITY,results/03_phase3/sender/frozen_phase4_sender_candidates.csv|config/phase4a_analysis.json
SNX14,166,S2,ROBUST_BASELINE_SENDER,NO_CLEAR_LICENSING_EFFECT,YES,YES,OMNIPATH_SECRETED_ANNOTATION,YES,YES,YES,P1_PARACRINE_CORE,FROZEN_BEFORE_PHASE4_COMPATIBILITY_OUTCOMES,SENDER_SCOPE_NOT_THERAPEUTIC_PRIORITY,results/03_phase3/sender/frozen_phase4_sender_candidates.csv|config/phase4a_analysis.json
LTBP3,167,S2,ROBUST_BASELINE_SENDER,NO_CLEAR_LICENSING_EFFECT,YES,YES,OMNIPATH_SECRETED_ANNOTATION,YES,YES,YES,P1_PARACRINE_CORE,FROZEN_BEFORE_PHASE4_COMPATIBILITY_OUTCOMES,SENDER_SCOPE_NOT_THERAPEUTIC_PRIORITY,results/03_phase3/sender/frozen_phase4_sender_candidates.csv|config/phase4a_analysis.json
SDC4,168,S2,ROBUST_BASELINE_SENDER,DONOR_DEPENDENT,YES,YES,OMNIPATH_SECRETED_ANNOTATION,YES,YES,YES,P1_PARACRINE_CORE,FROZEN_BEFORE_PHASE4_COMPATIBILITY_OUTCOMES,SENDER_SCOPE_NOT_THERAPEUTIC_PRIORITY,results/03_phase3/sender/frozen_phase4_sender_candidates.csv|config/phase4a_analysis.json
NETO2,169,S2,ROBUST_BASELINE_SENDER,DONOR_DEPENDENT,NO,NO,NO_OMNIPATH_SECRETED_ANNOTATION,NO,NO,YES,P3_FULL_LR_SENSITIVITY,FROZEN_BEFORE_PHASE4_COMPATIBILITY_OUTCOMES,SENDER_SCOPE_NOT_THERAPEUTIC_PRIORITY,results/03_phase3/sender/frozen_phase4_sender_candidates.csv|config/phase4a_analysis.json
IL32,170,S2,ROBUST_BASELINE_SENDER,PASSAGE_DEPENDENT,YES,YES,OMNIPATH_SECRETED_ANNOTATION,YES,YES,YES,P1_PARACRINE_CORE,FROZEN_BEFORE_PHASE4_COMPATIBILITY_OUTCOMES,SENDER_SCOPE_NOT_THERAPEUTIC_PRIORITY,results/03_phase3/sender/frozen_phase4_sender_candidates.csv|config/phase4a_analysis.json
MPDZ,171,S2,ROBUST_BASELINE_SENDER,NO_CLEAR_LICENSING_EFFECT,NO,NO,NO_OMNIPATH_SECRETED_ANNOTATION,NO,NO,YES,P3_FULL_LR_SENSITIVITY,FROZEN_BEFORE_PHASE4_COMPATIBILITY_OUTCOMES,SENDER_SCOPE_NOT_THERAPEUTIC_PRIORITY,results/03_phase3/sender/frozen_phase4_sender_candidates.csv|config/phase4a_analysis.json
GDF15,172,S2,ROBUST_BASELINE_SENDER,DONOR_DEPENDENT,YES,YES,OMNIPATH_SECRETED_ANNOTATION,YES,YES,YES,P1_PARACRINE_CORE,FROZEN_BEFORE_PHASE4_COMPATIBILITY_OUTCOMES,SENDER_SCOPE_NOT_THERAPEUTIC_PRIORITY,results/03_phase3/sender/frozen_phase4_sender_candidates.csv|config/phase4a_analysis.json
ADAM15,173,S2,ROBUST_BASELINE_SENDER,PASSAGE_DEPENDENT,NO,YES,NO_OMNIPATH_SECRETED_ANNOTATION,NO,YES,YES,P2_EXTRACELLULAR_EXTENDED,FROZEN_BEFORE_PHASE4_COMPATIBILITY_OUTCOMES,SENDER_SCOPE_NOT_THERAPEUTIC_PRIORITY,results/03_phase3/sender/frozen_phase4_sender_candidates.csv|config/phase4a_analysis.json
ADAM17,174,S2,ROBUST_BASELINE_SENDER,NO_CLEAR_LICENSING_EFFECT,YES,YES,OMNIPATH_SECRETED_ANNOTATION,YES,YES,YES,P1_PARACRINE_CORE,FROZEN_BEFORE_PHASE4_COMPATIBILITY_OUTCOMES,SENDER_SCOPE_NOT_THERAPEUTIC_PRIORITY,results/03_phase3/sender/frozen_phase4_sender_candidates.csv|config/phase4a_analysis.json
PAM,175,S2,ROBUST_BASELINE_SENDER,NO_CLEAR_LICENSING_EFFECT,YES,YES,OMNIPATH_SECRETED_ANNOTATION,YES,YES,YES,P1_PARACRINE_CORE,FROZEN_BEFORE_PHASE4_COMPATIBILITY_OUTCOMES,SENDER_SCOPE_NOT_THERAPEUTIC_PRIORITY,results/03_phase3/sender/frozen_phase4_sender_candidates.csv|config/phase4a_analysis.json
JAM3,176,S2,ROBUST_BASELINE_SENDER,PASSAGE_DEPENDENT,YES,YES,OMNIPATH_SECRETED_ANNOTATION,YES,YES,YES,P1_PARACRINE_CORE,FROZEN_BEFORE_PHASE4_COMPATIBILITY_OUTCOMES,SENDER_SCOPE_NOT_THERAPEUTIC_PRIORITY,results/03_phase3/sender/frozen_phase4_sender_candidates.csv|config/phase4a_analysis.json
NT5E,177,S2,ROBUST_BASELINE_SENDER,PASSAGE_DEPENDENT,NO,YES,NO_OMNIPATH_SECRETED_ANNOTATION,NO,YES,YES,P2_EXTRACELLULAR_EXTENDED,FROZEN_BEFORE_PHASE4_COMPATIBILITY_OUTCOMES,SENDER_SCOPE_NOT_THERAPEUTIC_PRIORITY,results/03_phase3/sender/frozen_phase4_sender_candidates.csv|config/phase4a_analysis.json
EMC1,178,S2,ROBUST_BASELINE_SENDER,NO_CLEAR_LICENSING_EFFECT,NO,NO,NO_OMNIPATH_SECRETED_ANNOTATION,NO,NO,YES,P3_FULL_LR_SENSITIVITY,FROZEN_BEFORE_PHASE4_COMPATIBILITY_OUTCOMES,SENDER_SCOPE_NOT_THERAPEUTIC_PRIORITY,results/03_phase3/sender/frozen_phase4_sender_candidates.csv|config/phase4a_analysis.json
FLRT2,179,S2,ROBUST_BASELINE_SENDER,PASSAGE_DEPENDENT,YES,YES,OMNIPATH_SECRETED_ANNOTATION,YES,YES,YES,P1_PARACRINE_CORE,FROZEN_BEFORE_PHASE4_COMPATIBILITY_OUTCOMES,SENDER_SCOPE_NOT_THERAPEUTIC_PRIORITY,results/03_phase3/sender/frozen_phase4_sender_candidates.csv|config/phase4a_analysis.json
VEGFB,180,S2,ROBUST_BASELINE_SENDER,NO_CLEAR_LICENSING_EFFECT,YES,YES,OMNIPATH_SECRETED_ANNOTATION,YES,YES,YES,P1_PARACRINE_CORE,FROZEN_BEFORE_PHASE4_COMPATIBILITY_OUTCOMES,SENDER_SCOPE_NOT_THERAPEUTIC_PRIORITY,results/03_phase3/sender/frozen_phase4_sender_candidates.csv|config/phase4a_analysis.json
ENPP1,181,S2,ROBUST_BASELINE_SENDER,PASSAGE_DEPENDENT,YES,YES,OMNIPATH_SECRETED_ANNOTATION,YES,YES,YES,P1_PARACRINE_CORE,FROZEN_BEFORE_PHASE4_COMPATIBILITY_OUTCOMES,SENDER_SCOPE_NOT_THERAPEUTIC_PRIORITY,results/03_phase3/sender/frozen_phase4_sender_candidates.csv|config/phase4a_analysis.json
SEMA3C,182,S2,ROBUST_BASELINE_SENDER,PASSAGE_DEPENDENT,YES,YES,OMNIPATH_SECRETED_ANNOTATION,YES,YES,YES,P1_PARACRINE_CORE,FROZEN_BEFORE_PHASE4_COMPATIBILITY_OUTCOMES,SENDER_SCOPE_NOT_THERAPEUTIC_PRIORITY,results/03_phase3/sender/frozen_phase4_sender_candidates.csv|config/phase4a_analysis.json
ANGPT1,183,S2,ROBUST_BASELINE_SENDER,PASSAGE_DEPENDENT,YES,YES,OMNIPATH_SECRETED_ANNOTATION,YES,YES,YES,P1_PARACRINE_CORE,FROZEN_BEFORE_PHASE4_COMPATIBILITY_OUTCOMES,SENDER_SCOPE_NOT_THERAPEUTIC_PRIORITY,results/03_phase3/sender/frozen_phase4_sender_candidates.csv|config/phase4a_analysis.json
CA12,184,S2,ROBUST_BASELINE_SENDER,DONOR_DEPENDENT,NO,YES,NO_OMNIPATH_SECRETED_ANNOTATION,NO,YES,YES,P2_EXTRACELLULAR_EXTENDED,FROZEN_BEFORE_PHASE4_COMPATIBILITY_OUTCOMES,SENDER_SCOPE_NOT_THERAPEUTIC_PRIORITY,results/03_phase3/sender/frozen_phase4_sender_candidates.csv|config/phase4a_analysis.json
KIAA0319L,185,S2,ROBUST_BASELINE_SENDER,NO_CLEAR_LICENSING_EFFECT,NO,NO,NO_OMNIPATH_SECRETED_ANNOTATION,NO,NO,YES,P3_FULL_LR_SENSITIVITY,FROZEN_BEFORE_PHASE4_COMPATIBILITY_OUTCOMES,SENDER_SCOPE_NOT_THERAPEUTIC_PRIORITY,results/03_phase3/sender/frozen_phase4_sender_candidates.csv|config/phase4a_analysis.json
PLTP,186,S2,ROBUST_BASELINE_SENDER,PASSAGE_DEPENDENT,YES,YES,OMNIPATH_SECRETED_ANNOTATION,YES,YES,YES,P1_PARACRINE_CORE,FROZEN_BEFORE_PHASE4_COMPATIBILITY_OUTCOMES,SENDER_SCOPE_NOT_THERAPEUTIC_PRIORITY,results/03_phase3/sender/frozen_phase4_sender_candidates.csv|config/phase4a_analysis.json
HAS2,187,S2,ROBUST_BASELINE_SENDER,DONOR_DEPENDENT,NO,YES,NO_OMNIPATH_SECRETED_ANNOTATION,NO,YES,YES,P2_EXTRACELLULAR_EXTENDED,FROZEN_BEFORE_PHASE4_COMPATIBILITY_OUTCOMES,SENDER_SCOPE_NOT_THERAPEUTIC_PRIORITY,results/03_phase3/sender/frozen_phase4_sender_candidates.csv|config/phase4a_analysis.json
BMP1,188,S2,ROBUST_BASELINE_SENDER,PASSAGE_DEPENDENT,YES,YES,OMNIPATH_SECRETED_ANNOTATION,YES,YES,YES,P1_PARACRINE_CORE,FROZEN_BEFORE_PHASE4_COMPATIBILITY_OUTCOMES,SENDER_SCOPE_NOT_THERAPEUTIC_PRIORITY,results/03_phase3/sender/frozen_phase4_sender_candidates.csv|config/phase4a_analysis.json
LIN7C,189,S2,ROBUST_BASELINE_SENDER,NO_CLEAR_LICENSING_EFFECT,YES,YES,OMNIPATH_SECRETED_ANNOTATION,YES,YES,YES,P1_PARACRINE_CORE,FROZEN_BEFORE_PHASE4_COMPATIBILITY_OUTCOMES,SENDER_SCOPE_NOT_THERAPEUTIC_PRIORITY,results/03_phase3/sender/frozen_phase4_sender_candidates.csv|config/phase4a_analysis.json
LIN7A,190,S2,ROBUST_BASELINE_SENDER,PASSAGE_DEPENDENT,NO,NO,NO_OMNIPATH_SECRETED_ANNOTATION,NO,NO,YES,P3_FULL_LR_SENSITIVITY,FROZEN_BEFORE_PHASE4_COMPATIBILITY_OUTCOMES,SENDER_SCOPE_NOT_THERAPEUTIC_PRIORITY,results/03_phase3/sender/frozen_phase4_sender_candidates.csv|config/phase4a_analysis.json
DSC3,191,S2,ROBUST_BASELINE_SENDER,PASSAGE_DEPENDENT,NO,YES,NO_OMNIPATH_SECRETED_ANNOTATION,NO,YES,YES,P2_EXTRACELLULAR_EXTENDED,FROZEN_BEFORE_PHASE4_COMPATIBILITY_OUTCOMES,SENDER_SCOPE_NOT_THERAPEUTIC_PRIORITY,results/03_phase3/sender/frozen_phase4_sender_candidates.csv|config/phase4a_analysis.json
SEMA5A,192,S2,ROBUST_BASELINE_SENDER,DONOR_DEPENDENT,NO,YES,NO_OMNIPATH_SECRETED_ANNOTATION,NO,YES,YES,P2_EXTRACELLULAR_EXTENDED,FROZEN_BEFORE_PHASE4_COMPATIBILITY_OUTCOMES,SENDER_SCOPE_NOT_THERAPEUTIC_PRIORITY,results/03_phase3/sender/frozen_phase4_sender_candidates.csv|config/phase4a_analysis.json
PSEN1,193,S2,ROBUST_BASELINE_SENDER,PASSAGE_DEPENDENT,YES,YES,OMNIPATH_SECRETED_ANNOTATION,YES,YES,YES,P1_PARACRINE_CORE,FROZEN_BEFORE_PHASE4_COMPATIBILITY_OUTCOMES,SENDER_SCOPE_NOT_THERAPEUTIC_PRIORITY,results/03_phase3/sender/frozen_phase4_sender_candidates.csv|config/phase4a_analysis.json
CSF1,194,S2,ROBUST_BASELINE_SENDER,PASSAGE_DEPENDENT,YES,YES,OMNIPATH_SECRETED_ANNOTATION,YES,YES,YES,P1_PARACRINE_CORE,FROZEN_BEFORE_PHASE4_COMPATIBILITY_OUTCOMES,SENDER_SCOPE_NOT_THERAPEUTIC_PRIORITY,results/03_phase3/sender/frozen_phase4_sender_candidates.csv|config/phase4a_analysis.json
EXOC3-AS1,195,S2,ROBUST_BASELINE_SENDER,PASSAGE_DEPENDENT,YES,YES,OMNIPATH_SECRETED_ANNOTATION,YES,YES,YES,P1_PARACRINE_CORE,FROZEN_BEFORE_PHASE4_COMPATIBILITY_OUTCOMES,SENDER_SCOPE_NOT_THERAPEUTIC_PRIORITY,results/03_phase3/sender/frozen_phase4_sender_candidates.csv|config/phase4a_analysis.json
FURIN,196,S2,ROBUST_BASELINE_SENDER,PASSAGE_DEPENDENT,YES,YES,OMNIPATH_SECRETED_ANNOTATION,YES,YES,YES,P1_PARACRINE_CORE,FROZEN_BEFORE_PHASE4_COMPATIBILITY_OUTCOMES,SENDER_SCOPE_NOT_THERAPEUTIC_PRIORITY,results/03_phase3/sender/frozen_phase4_sender_candidates.csv|config/phase4a_analysis.json
ULBP2,197,S2,ROBUST_BASELINE_SENDER,PASSAGE_DEPENDENT,YES,YES,OMNIPATH_SECRETED_ANNOTATION,YES,YES,YES,P1_PARACRINE_CORE,FROZEN_BEFORE_PHASE4_COMPATIBILITY_OUTCOMES,SENDER_SCOPE_NOT_THERAPEUTIC_PRIORITY,results/03_phase3/sender/frozen_phase4_sender_candidates.csv|config/phase4a_analysis.json
LIN7B,198,S2,ROBUST_BASELINE_SENDER,PASSAGE_DEPENDENT,NO,NO,NO_OMNIPATH_SECRETED_ANNOTATION,NO,NO,YES,P3_FULL_LR_SENSITIVITY,FROZEN_BEFORE_PHASE4_COMPATIBILITY_OUTCOMES,SENDER_SCOPE_NOT_THERAPEUTIC_PRIORITY,results/03_phase3/sender/frozen_phase4_sender_candidates.csv|config/phase4a_analysis.json
NAALADL1,199,S2,ROBUST_BASELINE_SENDER,PASSAGE_DEPENDENT,NO,YES,NO_OMNIPATH_SECRETED_ANNOTATION,NO,YES,YES,P2_EXTRACELLULAR_EXTENDED,FROZEN_BEFORE_PHASE4_COMPATIBILITY_OUTCOMES,SENDER_SCOPE_NOT_THERAPEUTIC_PRIORITY,results/03_phase3/sender/frozen_phase4_sender_candidates.csv|config/phase4a_analysis.json
VSIG10,200,S2,ROBUST_BASELINE_SENDER,NO_CLEAR_LICENSING_EFFECT,NO,NO,NO_OMNIPATH_SECRETED_ANNOTATION,NO,NO,YES,P3_FULL_LR_SENSITIVITY,FROZEN_BEFORE_PHASE4_COMPATIBILITY_OUTCOMES,SENDER_SCOPE_NOT_THERAPEUTIC_PRIORITY,results/03_phase3/sender/frozen_phase4_sender_candidates.csv|config/phase4a_analysis.json
LRCH4,201,S2,ROBUST_BASELINE_SENDER,PASSAGE_DEPENDENT,NO,NO,NO_OMNIPATH_SECRETED_ANNOTATION,NO,NO,YES,P3_FULL_LR_SENSITIVITY,FROZEN_BEFORE_PHASE4_COMPATIBILITY_OUTCOMES,SENDER_SCOPE_NOT_THERAPEUTIC_PRIORITY,results/03_phase3/sender/frozen_phase4_sender_candidates.csv|config/phase4a_analysis.json
GDF11,202,S2,ROBUST_BASELINE_SENDER,PASSAGE_DEPENDENT,YES,YES,OMNIPATH_SECRETED_ANNOTATION,YES,YES,YES,P1_PARACRINE_CORE,FROZEN_BEFORE_PHASE4_COMPATIBILITY_OUTCOMES,SENDER_SCOPE_NOT_THERAPEUTIC_PRIORITY,results/03_phase3/sender/frozen_phase4_sender_candidates.csv|config/phase4a_analysis.json
SIRPA,203,S2,ROBUST_BASELINE_SENDER,NO_CLEAR_LICENSING_EFFECT,NO,YES,NO_OMNIPATH_SECRETED_ANNOTATION,NO,YES,YES,P2_EXTRACELLULAR_EXTENDED,FROZEN_BEFORE_PHASE4_COMPATIBILITY_OUTCOMES,SENDER_SCOPE_NOT_THERAPEUTIC_PRIORITY,results/03_phase3/sender/frozen_phase4_sender_candidates.csv|config/phase4a_analysis.json
ZDHHC5,204,S2,ROBUST_BASELINE_SENDER,PASSAGE_DEPENDENT,NO,NO,NO_OMNIPATH_SECRETED_ANNOTATION,NO,NO,YES,P3_FULL_LR_SENSITIVITY,FROZEN_BEFORE_PHASE4_COMPATIBILITY_OUTCOMES,SENDER_SCOPE_NOT_THERAPEUTIC_PRIORITY,results/03_phase3/sender/frozen_phase4_sender_candidates.csv|config/phase4a_analysis.json
LRFN4,205,S2,ROBUST_BASELINE_SENDER,PASSAGE_DEPENDENT,NO,NO,NO_OMNIPATH_SECRETED_ANNOTATION,NO,NO,YES,P3_FULL_LR_SENSITIVITY,FROZEN_BEFORE_PHASE4_COMPATIBILITY_OUTCOMES,SENDER_SCOPE_NOT_THERAPEUTIC_PRIORITY,results/03_phase3/sender/frozen_phase4_sender_candidates.csv|config/phase4a_analysis.json
ADGRE5,206,S2,ROBUST_BASELINE_SENDER,DONOR_DEPENDENT,YES,YES,OMNIPATH_SECRETED_ANNOTATION,YES,YES,YES,P1_PARACRINE_CORE,FROZEN_BEFORE_PHASE4_COMPATIBILITY_OUTCOMES,SENDER_SCOPE_NOT_THERAPEUTIC_PRIORITY,results/03_phase3/sender/frozen_phase4_sender_candidates.csv|config/phase4a_analysis.json
PLXNA1,207,S2,ROBUST_BASELINE_SENDER,PASSAGE_DEPENDENT,NO,YES,NO_OMNIPATH_SECRETED_ANNOTATION,NO,YES,YES,P2_EXTRACELLULAR_EXTENDED,FROZEN_BEFORE_PHASE4_COMPATIBILITY_OUTCOMES,SENDER_SCOPE_NOT_THERAPEUTIC_PRIORITY,results/03_phase3/sender/frozen_phase4_sender_candidates.csv|config/phase4a_analysis.json
AGRN,208,S2,ROBUST_BASELINE_SENDER,NO_CLEAR_LICENSING_EFFECT,YES,YES,OMNIPATH_SECRETED_ANNOTATION,YES,YES,YES,P1_PARACRINE_CORE,FROZEN_BEFORE_PHASE4_COMPATIBILITY_OUTCOMES,SENDER_SCOPE_NOT_THERAPEUTIC_PRIORITY,results/03_phase3/sender/frozen_phase4_sender_candidates.csv|config/phase4a_analysis.json
FGF7,209,S2,ROBUST_BASELINE_SENDER,PASSAGE_DEPENDENT,YES,YES,OMNIPATH_SECRETED_ANNOTATION,YES,YES,YES,P1_PARACRINE_CORE,FROZEN_BEFORE_PHASE4_COMPATIBILITY_OUTCOMES,SENDER_SCOPE_NOT_THERAPEUTIC_PRIORITY,results/03_phase3/sender/frozen_phase4_sender_candidates.csv|config/phase4a_analysis.json
EFEMP1,210,S2,ROBUST_BASELINE_SENDER,PASSAGE_DEPENDENT,YES,YES,OMNIPATH_SECRETED_ANNOTATION,YES,YES,YES,P1_PARACRINE_CORE,FROZEN_BEFORE_PHASE4_COMPATIBILITY_OUTCOMES,SENDER_SCOPE_NOT_THERAPEUTIC_PRIORITY,results/03_phase3/sender/frozen_phase4_sender_candidates.csv|config/phase4a_analysis.json
BACE2,211,S2,ROBUST_BASELINE_SENDER,NO_CLEAR_LICENSING_EFFECT,NO,YES,NO_OMNIPATH_SECRETED_ANNOTATION,NO,YES,YES,P2_EXTRACELLULAR_EXTENDED,FROZEN_BEFORE_PHASE4_COMPATIBILITY_OUTCOMES,SENDER_SCOPE_NOT_THERAPEUTIC_PRIORITY,results/03_phase3/sender/frozen_phase4_sender_candidates.csv|config/phase4a_analysis.json
COL16A1,212,S2,ROBUST_BASELINE_SENDER,PASSAGE_DEPENDENT,YES,YES,OMNIPATH_SECRETED_ANNOTATION,YES,YES,YES,P1_PARACRINE_CORE,FROZEN_BEFORE_PHASE4_COMPATIBILITY_OUTCOMES,SENDER_SCOPE_NOT_THERAPEUTIC_PRIORITY,results/03_phase3/sender/frozen_phase4_sender_candidates.csv|config/phase4a_analysis.json
EFNA4,213,S2,ROBUST_BASELINE_SENDER,PASSAGE_DEPENDENT,YES,YES,OMNIPATH_SECRETED_ANNOTATION,YES,YES,YES,P1_PARACRINE_CORE,FROZEN_BEFORE_PHASE4_COMPATIBILITY_OUTCOMES,SENDER_SCOPE_NOT_THERAPEUTIC_PRIORITY,results/03_phase3/sender/frozen_phase4_sender_candidates.csv|config/phase4a_analysis.json
COL27A1,214,S2,ROBUST_BASELINE_SENDER,NO_CLEAR_LICENSING_EFFECT,YES,YES,OMNIPATH_SECRETED_ANNOTATION,YES,YES,YES,P1_PARACRINE_CORE,FROZEN_BEFORE_PHASE4_COMPATIBILITY_OUTCOMES,SENDER_SCOPE_NOT_THERAPEUTIC_PRIORITY,results/03_phase3/sender/frozen_phase4_sender_candidates.csv|config/phase4a_analysis.json
