ligand,sender_evidence_level,baseline_sender_robustness,paracrine_scope,licensing_context,best_phase4a_tier,tier_A_axis_n,tier_B_axis_n,tier_C_axis_n,receptor_competent_module_n,target_compatible_module_n,reversal_supported_module_n,disease_concordant_module_n,mixed_signed_direction_across_modules,disease_concordant_modules,tier_A_modules,tier_B_modules,interpretation,ordering_rule,source_url
ADAM17,S2,ROBUST_BASELINE_SENDER,P1_PARACRINE_CORE,NO_CLEAR_LICENSING_EFFECT,TIER_A_DIRECTIONAL_RESCUE_CANDIDATE,1,1,1,6,5,2,3,YES,PROGRAM_MODULE_01;PROGRAM_MODULE_05;PROGRAM_MODULE_10,PROGRAM_MODULE_07,PROGRAM_MODULE_04,COMPUTATIONAL_HIERARCHY_NOT_THERAPEUTIC_PROOF,tier then ligand symbol; S1 is not ranked above S2,config/phase4a_analysis.json|NicheNet:Zenodo:7074291|OmniPath:2026-08-15|CollecTRI:2026-08-15|CytoSig:2026-08-15
AGRN,S2,ROBUST_BASELINE_SENDER,P1_PARACRINE_CORE,NO_CLEAR_LICENSING_EFFECT,TIER_A_DIRECTIONAL_RESCUE_CANDIDATE,2,1,1,6,5,3,2,YES,PROGRAM_MODULE_07;PROGRAM_MODULE_10,PROGRAM_MODULE_01;PROGRAM_MODULE_05,PROGRAM_MODULE_04,COMPUTATIONAL_HIERARCHY_NOT_THERAPEUTIC_PROOF,tier then ligand symbol; S1 is not ranked above S2,config/phase4a_analysis.json|NicheNet:Zenodo:7074291|OmniPath:2026-08-15|CollecTRI:2026-08-15|CytoSig:2026-08-15
COL18A1,S2,ROBUST_BASELINE_SENDER,P1_PARACRINE_CORE,PASSAGE_DEPENDENT,TIER_A_DIRECTIONAL_RESCUE_CANDIDATE,1,0,1,6,5,2,4,YES,PROGRAM_MODULE_01;PROGRAM_MODULE_04;PROGRAM_MODULE_05;PROGRAM_MODULE_06,PROGRAM_MODULE_07,,COMPUTATIONAL_HIERARCHY_NOT_THERAPEUTIC_PROOF,tier then ligand symbol; S1 is not ranked above S2,config/phase4a_analysis.json|NicheNet:Zenodo:7074291|OmniPath:2026-08-15|CollecTRI:2026-08-15|CytoSig:2026-08-15
DCN,S1,ROBUST_BASELINE_SENDER,P1_PARACRINE_CORE,LICENSING_CONSISTENT_UP,TIER_A_DIRECTIONAL_RESCUE_CANDIDATE,4,0,1,6,5,6,0,NO,,PROGRAM_MODULE_01;PROGRAM_MODULE_04;PROGRAM_MODULE_05;PROGRAM_MODULE_07,,COMPUTATIONAL_HIERARCHY_NOT_THERAPEUTIC_PROOF,tier then ligand symbol; S1 is not ranked above S2,config/phase4a_analysis.json|NicheNet:Zenodo:7074291|OmniPath:2026-08-15|CollecTRI:2026-08-15|CytoSig:2026-08-15
ENPP1,S2,ROBUST_BASELINE_SENDER,P1_PARACRINE_CORE,PASSAGE_DEPENDENT,TIER_A_DIRECTIONAL_RESCUE_CANDIDATE,2,0,1,6,5,4,2,YES,PROGRAM_MODULE_05;PROGRAM_MODULE_07,PROGRAM_MODULE_01;PROGRAM_MODULE_04,,COMPUTATIONAL_HIERARCHY_NOT_THERAPEUTIC_PROOF,tier then ligand symbol; S1 is not ranked above S2,config/phase4a_analysis.json|NicheNet:Zenodo:7074291|OmniPath:2026-08-15|CollecTRI:2026-08-15|CytoSig:2026-08-15
FURIN,S2,ROBUST_BASELINE_SENDER,P1_PARACRINE_CORE,PASSAGE_DEPENDENT,TIER_A_DIRECTIONAL_RESCUE_CANDIDATE,2,0,1,6,5,2,4,YES,PROGRAM_MODULE_01;PROGRAM_MODULE_04;PROGRAM_MODULE_06;PROGRAM_MODULE_10,PROGRAM_MODULE_05;PROGRAM_MODULE_07,,COMPUTATIONAL_HIERARCHY_NOT_THERAPEUTIC_PROOF,tier then ligand symbol; S1 is not ranked above S2,config/phase4a_analysis.json|NicheNet:Zenodo:7074291|OmniPath:2026-08-15|CollecTRI:2026-08-15|CytoSig:2026-08-15
GDF11,S2,ROBUST_BASELINE_SENDER,P1_PARACRINE_CORE,PASSAGE_DEPENDENT,TIER_A_DIRECTIONAL_RESCUE_CANDIDATE,1,0,1,6,5,2,3,YES,PROGRAM_MODULE_01;PROGRAM_MODULE_04;PROGRAM_MODULE_07,PROGRAM_MODULE_05,,COMPUTATIONAL_HIERARCHY_NOT_THERAPEUTIC_PROOF,tier then ligand symbol; S1 is not ranked above S2,config/phase4a_analysis.json|NicheNet:Zenodo:7074291|OmniPath:2026-08-15|CollecTRI:2026-08-15|CytoSig:2026-08-15
GRN,S2,ROBUST_BASELINE_SENDER,P1_PARACRINE_CORE,PASSAGE_DEPENDENT,TIER_A_DIRECTIONAL_RESCUE_CANDIDATE,4,0,1,6,5,6,0,NO,,PROGRAM_MODULE_01;PROGRAM_MODULE_04;PROGRAM_MODULE_05;PROGRAM_MODULE_07,,COMPUTATIONAL_HIERARCHY_NOT_THERAPEUTIC_PROOF,tier then ligand symbol; S1 is not ranked above S2,config/phase4a_analysis.json|NicheNet:Zenodo:7074291|OmniPath:2026-08-15|CollecTRI:2026-08-15|CytoSig:2026-08-15
HSPG2,S2,ROBUST_BASELINE_SENDER,P1_PARACRINE_CORE,PASSAGE_DEPENDENT,TIER_A_DIRECTIONAL_RESCUE_CANDIDATE,3,1,1,6,5,4,1,YES,PROGRAM_MODULE_10,PROGRAM_MODULE_01;PROGRAM_MODULE_05;PROGRAM_MODULE_07,PROGRAM_MODULE_04,COMPUTATIONAL_HIERARCHY_NOT_THERAPEUTIC_PROOF,tier then ligand symbol; S1 is not ranked above S2,config/phase4a_analysis.json|NicheNet:Zenodo:7074291|OmniPath:2026-08-15|CollecTRI:2026-08-15|CytoSig:2026-08-15
MDK,S1,ROBUST_BASELINE_SENDER,P1_PARACRINE_CORE,LICENSING_CONSISTENT_UP,TIER_A_DIRECTIONAL_RESCUE_CANDIDATE,4,0,1,6,5,5,1,YES,PROGRAM_MODULE_10,PROGRAM_MODULE_01;PROGRAM_MODULE_04;PROGRAM_MODULE_05;PROGRAM_MODULE_07,,COMPUTATIONAL_HIERARCHY_NOT_THERAPEUTIC_PROOF,tier then ligand symbol; S1 is not ranked above S2,config/phase4a_analysis.json|NicheNet:Zenodo:7074291|OmniPath:2026-08-15|CollecTRI:2026-08-15|CytoSig:2026-08-15
NAMPT,S1,ROBUST_BASELINE_SENDER,P1_PARACRINE_CORE,LICENSING_CONSISTENT_UP,TIER_A_DIRECTIONAL_RESCUE_CANDIDATE,2,0,1,6,5,2,4,YES,PROGRAM_MODULE_01;PROGRAM_MODULE_04;PROGRAM_MODULE_06;PROGRAM_MODULE_10,PROGRAM_MODULE_05;PROGRAM_MODULE_07,,COMPUTATIONAL_HIERARCHY_NOT_THERAPEUTIC_PROOF,tier then ligand symbol; S1 is not ranked above S2,config/phase4a_analysis.json|NicheNet:Zenodo:7074291|OmniPath:2026-08-15|CollecTRI:2026-08-15|CytoSig:2026-08-15
NID1,S2,ROBUST_BASELINE_SENDER,P1_PARACRINE_CORE,PASSAGE_DEPENDENT,TIER_A_DIRECTIONAL_RESCUE_CANDIDATE,1,3,1,6,5,3,0,NO,,PROGRAM_MODULE_07,PROGRAM_MODULE_01;PROGRAM_MODULE_04;PROGRAM_MODULE_05,COMPUTATIONAL_HIERARCHY_NOT_THERAPEUTIC_PROOF,tier then ligand symbol; S1 is not ranked above S2,config/phase4a_analysis.json|NicheNet:Zenodo:7074291|OmniPath:2026-08-15|CollecTRI:2026-08-15|CytoSig:2026-08-15
PSEN1,S2,ROBUST_BASELINE_SENDER,P1_PARACRINE_CORE,PASSAGE_DEPENDENT,TIER_A_DIRECTIONAL_RESCUE_CANDIDATE,2,1,1,6,5,4,1,YES,PROGRAM_MODULE_05,PROGRAM_MODULE_01;PROGRAM_MODULE_07,PROGRAM_MODULE_04,COMPUTATIONAL_HIERARCHY_NOT_THERAPEUTIC_PROOF,tier then ligand symbol; S1 is not ranked above S2,config/phase4a_analysis.json|NicheNet:Zenodo:7074291|OmniPath:2026-08-15|CollecTRI:2026-08-15|CytoSig:2026-08-15
SERPINE1,S1,ROBUST_BASELINE_SENDER,P1_PARACRINE_CORE,LICENSING_CONSISTENT_UP,TIER_A_DIRECTIONAL_RESCUE_CANDIDATE,1,1,1,6,5,2,3,YES,PROGRAM_MODULE_01;PROGRAM_MODULE_05;PROGRAM_MODULE_10,PROGRAM_MODULE_07,PROGRAM_MODULE_04,COMPUTATIONAL_HIERARCHY_NOT_THERAPEUTIC_PROOF,tier then ligand symbol; S1 is not ranked above S2,config/phase4a_analysis.json|NicheNet:Zenodo:7074291|OmniPath:2026-08-15|CollecTRI:2026-08-15|CytoSig:2026-08-15
TIMP1,S2,ROBUST_BASELINE_SENDER,P1_PARACRINE_CORE,PASSAGE_DEPENDENT,TIER_A_DIRECTIONAL_RESCUE_CANDIDATE,4,0,1,6,5,5,0,NO,,PROGRAM_MODULE_01;PROGRAM_MODULE_04;PROGRAM_MODULE_05;PROGRAM_MODULE_07,,COMPUTATIONAL_HIERARCHY_NOT_THERAPEUTIC_PROOF,tier then ligand symbol; S1 is not ranked above S2,config/phase4a_analysis.json|NicheNet:Zenodo:7074291|OmniPath:2026-08-15|CollecTRI:2026-08-15|CytoSig:2026-08-15
TIMP2,S2,ROBUST_BASELINE_SENDER,P1_PARACRINE_CORE,NO_CLEAR_LICENSING_EFFECT,TIER_A_DIRECTIONAL_RESCUE_CANDIDATE,3,1,1,6,5,4,0,NO,,PROGRAM_MODULE_01;PROGRAM_MODULE_05;PROGRAM_MODULE_07,PROGRAM_MODULE_04,COMPUTATIONAL_HIERARCHY_NOT_THERAPEUTIC_PROOF,tier then ligand symbol; S1 is not ranked above S2,config/phase4a_analysis.json|NicheNet:Zenodo:7074291|OmniPath:2026-08-15|CollecTRI:2026-08-15|CytoSig:2026-08-15
WNT5A,S2,ROBUST_BASELINE_SENDER,P1_PARACRINE_CORE,PASSAGE_DEPENDENT,TIER_A_DIRECTIONAL_RESCUE_CANDIDATE,1,1,1,6,5,1,4,YES,PROGRAM_MODULE_01;PROGRAM_MODULE_06;PROGRAM_MODULE_07;PROGRAM_MODULE_10,PROGRAM_MODULE_05,PROGRAM_MODULE_04,COMPUTATIONAL_HIERARCHY_NOT_THERAPEUTIC_PROOF,tier then ligand symbol; S1 is not ranked above S2,config/phase4a_analysis.json|NicheNet:Zenodo:7074291|OmniPath:2026-08-15|CollecTRI:2026-08-15|CytoSig:2026-08-15
ADAM10,S2,ROBUST_BASELINE_SENDER,P2_EXTRACELLULAR_EXTENDED,NO_CLEAR_LICENSING_EFFECT,TIER_B_COMPATIBILITY_CANDIDATE,0,2,3,6,5,1,3,YES,PROGRAM_MODULE_01;PROGRAM_MODULE_05;PROGRAM_MODULE_10,,PROGRAM_MODULE_04;PROGRAM_MODULE_07,COMPUTATIONAL_HIERARCHY_NOT_THERAPEUTIC_PROOF,tier then ligand symbol; S1 is not ranked above S2,config/phase4a_analysis.json|NicheNet:Zenodo:7074291|OmniPath:2026-08-15|CollecTRI:2026-08-15|CytoSig:2026-08-15
ADGRE5,S2,ROBUST_BASELINE_SENDER,P1_PARACRINE_CORE,DONOR_DEPENDENT,TIER_B_COMPATIBILITY_CANDIDATE,0,4,1,6,5,0,0,NO,,,PROGRAM_MODULE_01;PROGRAM_MODULE_04;PROGRAM_MODULE_05;PROGRAM_MODULE_07,COMPUTATIONAL_HIERARCHY_NOT_THERAPEUTIC_PROOF,tier then ligand symbol; S1 is not ranked above S2,config/phase4a_analysis.json|NicheNet:Zenodo:7074291|OmniPath:2026-08-15|CollecTRI:2026-08-15|CytoSig:2026-08-15
ADM,S2,ROBUST_BASELINE_SENDER,P1_PARACRINE_CORE,PASSAGE_DEPENDENT,TIER_B_COMPATIBILITY_CANDIDATE,0,1,1,2,2,0,0,NO,,,PROGRAM_MODULE_07,COMPUTATIONAL_HIERARCHY_NOT_THERAPEUTIC_PROOF,tier then ligand symbol; S1 is not ranked above S2,config/phase4a_analysis.json|NicheNet:Zenodo:7074291|OmniPath:2026-08-15|CollecTRI:2026-08-15|CytoSig:2026-08-15
ALCAM,S2,ROBUST_BASELINE_SENDER,P1_PARACRINE_CORE,NO_CLEAR_LICENSING_EFFECT,TIER_B_COMPATIBILITY_CANDIDATE,0,4,1,6,5,0,0,NO,,,PROGRAM_MODULE_01;PROGRAM_MODULE_04;PROGRAM_MODULE_05;PROGRAM_MODULE_07,COMPUTATIONAL_HIERARCHY_NOT_THERAPEUTIC_PROOF,tier then ligand symbol; S1 is not ranked above S2,config/phase4a_analysis.json|NicheNet:Zenodo:7074291|OmniPath:2026-08-15|CollecTRI:2026-08-15|CytoSig:2026-08-15
ANGPT1,S2,ROBUST_BASELINE_SENDER,P1_PARACRINE_CORE,PASSAGE_DEPENDENT,TIER_B_COMPATIBILITY_CANDIDATE,0,4,1,6,5,0,0,NO,,,PROGRAM_MODULE_01;PROGRAM_MODULE_04;PROGRAM_MODULE_05;PROGRAM_MODULE_07,COMPUTATIONAL_HIERARCHY_NOT_THERAPEUTIC_PROOF,tier then ligand symbol; S1 is not ranked above S2,config/phase4a_analysis.json|NicheNet:Zenodo:7074291|OmniPath:2026-08-15|CollecTRI:2026-08-15|CytoSig:2026-08-15
ANGPTL4,S2,ROBUST_BASELINE_SENDER,P1_PARACRINE_CORE,PASSAGE_DEPENDENT,TIER_B_COMPATIBILITY_CANDIDATE,0,4,1,6,5,0,0,NO,,,PROGRAM_MODULE_01;PROGRAM_MODULE_04;PROGRAM_MODULE_05;PROGRAM_MODULE_07,COMPUTATIONAL_HIERARCHY_NOT_THERAPEUTIC_PROOF,tier then ligand symbol; S1 is not ranked above S2,config/phase4a_analysis.json|NicheNet:Zenodo:7074291|OmniPath:2026-08-15|CollecTRI:2026-08-15|CytoSig:2026-08-15
ANXA1,S1,ROBUST_BASELINE_SENDER,P1_PARACRINE_CORE,LICENSING_CONSISTENT_DOWN,TIER_B_COMPATIBILITY_CANDIDATE,0,1,1,6,5,0,3,NO,PROGRAM_MODULE_01;PROGRAM_MODULE_04;PROGRAM_MODULE_05,,PROGRAM_MODULE_07,COMPUTATIONAL_HIERARCHY_NOT_THERAPEUTIC_PROOF,tier then ligand symbol; S1 is not ranked above S2,config/phase4a_analysis.json|NicheNet:Zenodo:7074291|OmniPath:2026-08-15|CollecTRI:2026-08-15|CytoSig:2026-08-15
ANXA2,S2,ROBUST_BASELINE_SENDER,P1_PARACRINE_CORE,NO_CLEAR_LICENSING_EFFECT,TIER_B_COMPATIBILITY_CANDIDATE,0,3,1,6,5,0,2,NO,PROGRAM_MODULE_06;PROGRAM_MODULE_07,,PROGRAM_MODULE_01;PROGRAM_MODULE_04;PROGRAM_MODULE_05,COMPUTATIONAL_HIERARCHY_NOT_THERAPEUTIC_PROOF,tier then ligand symbol; S1 is not ranked above S2,config/phase4a_analysis.json|NicheNet:Zenodo:7074291|OmniPath:2026-08-15|CollecTRI:2026-08-15|CytoSig:2026-08-15
APP,S2,ROBUST_BASELINE_SENDER,P1_PARACRINE_CORE,NO_CLEAR_LICENSING_EFFECT,TIER_B_COMPATIBILITY_CANDIDATE,0,3,1,6,5,0,1,NO,PROGRAM_MODULE_01,,PROGRAM_MODULE_04;PROGRAM_MODULE_05;PROGRAM_MODULE_07,COMPUTATIONAL_HIERARCHY_NOT_THERAPEUTIC_PROOF,tier then ligand symbol; S1 is not ranked above S2,config/phase4a_analysis.json|NicheNet:Zenodo:7074291|OmniPath:2026-08-15|CollecTRI:2026-08-15|CytoSig:2026-08-15
ARF1,S2,ROBUST_BASELINE_SENDER,P2_EXTRACELLULAR_EXTENDED,PASSAGE_DEPENDENT,TIER_B_COMPATIBILITY_CANDIDATE,0,3,0,4,3,0,0,NO,,,PROGRAM_MODULE_01;PROGRAM_MODULE_04;PROGRAM_MODULE_05,COMPUTATIONAL_HIERARCHY_NOT_THERAPEUTIC_PROOF,tier then ligand symbol; S1 is not ranked above S2,config/phase4a_analysis.json|NicheNet:Zenodo:7074291|OmniPath:2026-08-15|CollecTRI:2026-08-15|CytoSig:2026-08-15
ATP1B1,S2,ROBUST_BASELINE_SENDER,P2_EXTRACELLULAR_EXTENDED,PASSAGE_DEPENDENT,TIER_B_COMPATIBILITY_CANDIDATE,0,1,1,2,2,0,0,NO,,,PROGRAM_MODULE_07,COMPUTATIONAL_HIERARCHY_NOT_THERAPEUTIC_PROOF,tier then ligand symbol; S1 is not ranked above S2,config/phase4a_analysis.json|NicheNet:Zenodo:7074291|OmniPath:2026-08-15|CollecTRI:2026-08-15|CytoSig:2026-08-15
B2M,S1,ROBUST_BASELINE_SENDER,P1_PARACRINE_CORE,LICENSING_CONSISTENT_UP,TIER_B_COMPATIBILITY_CANDIDATE,0,4,1,6,5,0,0,NO,,,PROGRAM_MODULE_01;PROGRAM_MODULE_04;PROGRAM_MODULE_05;PROGRAM_MODULE_07,COMPUTATIONAL_HIERARCHY_NOT_THERAPEUTIC_PROOF,tier then ligand symbol; S1 is not ranked above S2,config/phase4a_analysis.json|NicheNet:Zenodo:7074291|OmniPath:2026-08-15|CollecTRI:2026-08-15|CytoSig:2026-08-15
BDNF,S2,ROBUST_BASELINE_SENDER,P1_PARACRINE_CORE,NO_CLEAR_LICENSING_EFFECT,TIER_B_COMPATIBILITY_CANDIDATE,0,4,1,6,5,0,0,NO,,,PROGRAM_MODULE_01;PROGRAM_MODULE_04;PROGRAM_MODULE_05;PROGRAM_MODULE_07,COMPUTATIONAL_HIERARCHY_NOT_THERAPEUTIC_PROOF,tier then ligand symbol; S1 is not ranked above S2,config/phase4a_analysis.json|NicheNet:Zenodo:7074291|OmniPath:2026-08-15|CollecTRI:2026-08-15|CytoSig:2026-08-15
BGN,S2,ROBUST_BASELINE_SENDER,P1_PARACRINE_CORE,DONOR_DEPENDENT,TIER_B_COMPATIBILITY_CANDIDATE,0,4,1,5,5,0,0,NO,,,PROGRAM_MODULE_01;PROGRAM_MODULE_04;PROGRAM_MODULE_05;PROGRAM_MODULE_07,COMPUTATIONAL_HIERARCHY_NOT_THERAPEUTIC_PROOF,tier then ligand symbol; S1 is not ranked above S2,config/phase4a_analysis.json|NicheNet:Zenodo:7074291|OmniPath:2026-08-15|CollecTRI:2026-08-15|CytoSig:2026-08-15
BMP1,S2,ROBUST_BASELINE_SENDER,P1_PARACRINE_CORE,PASSAGE_DEPENDENT,TIER_B_COMPATIBILITY_CANDIDATE,0,4,1,6,5,0,0,NO,,,PROGRAM_MODULE_01;PROGRAM_MODULE_04;PROGRAM_MODULE_05;PROGRAM_MODULE_07,COMPUTATIONAL_HIERARCHY_NOT_THERAPEUTIC_PROOF,tier then ligand symbol; S1 is not ranked above S2,config/phase4a_analysis.json|NicheNet:Zenodo:7074291|OmniPath:2026-08-15|CollecTRI:2026-08-15|CytoSig:2026-08-15
CALM1,S2,ROBUST_BASELINE_SENDER,P2_EXTRACELLULAR_EXTENDED,NO_CLEAR_LICENSING_EFFECT,TIER_B_COMPATIBILITY_CANDIDATE,0,2,1,3,3,0,0,NO,,,PROGRAM_MODULE_05;PROGRAM_MODULE_07,COMPUTATIONAL_HIERARCHY_NOT_THERAPEUTIC_PROOF,tier then ligand symbol; S1 is not ranked above S2,config/phase4a_analysis.json|NicheNet:Zenodo:7074291|OmniPath:2026-08-15|CollecTRI:2026-08-15|CytoSig:2026-08-15
CALM2,S2,ROBUST_BASELINE_SENDER,P3_FULL_LR_SENSITIVITY,DONOR_DEPENDENT,TIER_B_COMPATIBILITY_CANDIDATE,0,2,1,3,3,0,0,NO,,,PROGRAM_MODULE_05;PROGRAM_MODULE_07,COMPUTATIONAL_HIERARCHY_NOT_THERAPEUTIC_PROOF,tier then ligand symbol; S1 is not ranked above S2,config/phase4a_analysis.json|NicheNet:Zenodo:7074291|OmniPath:2026-08-15|CollecTRI:2026-08-15|CytoSig:2026-08-15
CALM3,S2,ROBUST_BASELINE_SENDER,P3_FULL_LR_SENSITIVITY,NO_CLEAR_LICENSING_EFFECT,TIER_B_COMPATIBILITY_CANDIDATE,0,2,1,3,3,0,0,NO,,,PROGRAM_MODULE_05;PROGRAM_MODULE_07,COMPUTATIONAL_HIERARCHY_NOT_THERAPEUTIC_PROOF,tier then ligand symbol; S1 is not ranked above S2,config/phase4a_analysis.json|NicheNet:Zenodo:7074291|OmniPath:2026-08-15|CollecTRI:2026-08-15|CytoSig:2026-08-15
CALR,S2,ROBUST_BASELINE_SENDER,P1_PARACRINE_CORE,NO_CLEAR_LICENSING_EFFECT,TIER_B_COMPATIBILITY_CANDIDATE,0,4,1,6,5,0,0,NO,,,PROGRAM_MODULE_01;PROGRAM_MODULE_04;PROGRAM_MODULE_05;PROGRAM_MODULE_07,COMPUTATIONAL_HIERARCHY_NOT_THERAPEUTIC_PROOF,tier then ligand symbol; S1 is not ranked above S2,config/phase4a_analysis.json|NicheNet:Zenodo:7074291|OmniPath:2026-08-15|CollecTRI:2026-08-15|CytoSig:2026-08-15
CCL2,S1,ROBUST_BASELINE_SENDER,P1_PARACRINE_CORE,LICENSING_CONSISTENT_UP,TIER_B_COMPATIBILITY_CANDIDATE,0,3,1,6,5,0,1,NO,PROGRAM_MODULE_05,,PROGRAM_MODULE_01;PROGRAM_MODULE_04;PROGRAM_MODULE_07,COMPUTATIONAL_HIERARCHY_NOT_THERAPEUTIC_PROOF,tier then ligand symbol; S1 is not ranked above S2,config/phase4a_analysis.json|NicheNet:Zenodo:7074291|OmniPath:2026-08-15|CollecTRI:2026-08-15|CytoSig:2026-08-15
CD320,S2,ROBUST_BASELINE_SENDER,P3_FULL_LR_SENSITIVITY,DONOR_DEPENDENT,TIER_B_COMPATIBILITY_CANDIDATE,0,4,1,6,5,0,0,NO,,,PROGRAM_MODULE_01;PROGRAM_MODULE_04;PROGRAM_MODULE_05;PROGRAM_MODULE_07,COMPUTATIONAL_HIERARCHY_NOT_THERAPEUTIC_PROOF,tier then ligand symbol; S1 is not ranked above S2,config/phase4a_analysis.json|NicheNet:Zenodo:7074291|OmniPath:2026-08-15|CollecTRI:2026-08-15|CytoSig:2026-08-15
CD44,S2,ROBUST_BASELINE_SENDER,P1_PARACRINE_CORE,PASSAGE_DEPENDENT,TIER_B_COMPATIBILITY_CANDIDATE,0,4,1,6,5,0,0,NO,,,PROGRAM_MODULE_01;PROGRAM_MODULE_04;PROGRAM_MODULE_05;PROGRAM_MODULE_07,COMPUTATIONAL_HIERARCHY_NOT_THERAPEUTIC_PROOF,tier then ligand symbol; S1 is not ranked above S2,config/phase4a_analysis.json|NicheNet:Zenodo:7074291|OmniPath:2026-08-15|CollecTRI:2026-08-15|CytoSig:2026-08-15
CD47,S2,ROBUST_BASELINE_SENDER,P2_EXTRACELLULAR_EXTENDED,NO_CLEAR_LICENSING_EFFECT,TIER_B_COMPATIBILITY_CANDIDATE,0,4,1,6,5,0,0,NO,,,PROGRAM_MODULE_01;PROGRAM_MODULE_04;PROGRAM_MODULE_05;PROGRAM_MODULE_07,COMPUTATIONAL_HIERARCHY_NOT_THERAPEUTIC_PROOF,tier then ligand symbol; S1 is not ranked above S2,config/phase4a_analysis.json|NicheNet:Zenodo:7074291|OmniPath:2026-08-15|CollecTRI:2026-08-15|CytoSig:2026-08-15
CD55,S2,ROBUST_BASELINE_SENDER,P1_PARACRINE_CORE,PASSAGE_DEPENDENT,TIER_B_COMPATIBILITY_CANDIDATE,0,3,0,3,3,0,0,NO,,,PROGRAM_MODULE_01;PROGRAM_MODULE_04;PROGRAM_MODULE_05,COMPUTATIONAL_HIERARCHY_NOT_THERAPEUTIC_PROOF,tier then ligand symbol; S1 is not ranked above S2,config/phase4a_analysis.json|NicheNet:Zenodo:7074291|OmniPath:2026-08-15|CollecTRI:2026-08-15|CytoSig:2026-08-15
CD58,S1,ROBUST_BASELINE_SENDER,P2_EXTRACELLULAR_EXTENDED,LICENSING_CONSISTENT_UP,TIER_B_COMPATIBILITY_CANDIDATE,0,1,1,2,2,0,0,NO,,,PROGRAM_MODULE_07,COMPUTATIONAL_HIERARCHY_NOT_THERAPEUTIC_PROOF,tier then ligand symbol; S1 is not ranked above S2,config/phase4a_analysis.json|NicheNet:Zenodo:7074291|OmniPath:2026-08-15|CollecTRI:2026-08-15|CytoSig:2026-08-15
CD59,S2,ROBUST_BASELINE_SENDER,P1_PARACRINE_CORE,PASSAGE_DEPENDENT,TIER_B_COMPATIBILITY_CANDIDATE,0,3,0,3,3,0,0,NO,,,PROGRAM_MODULE_01;PROGRAM_MODULE_04;PROGRAM_MODULE_05,COMPUTATIONAL_HIERARCHY_NOT_THERAPEUTIC_PROOF,tier then ligand symbol; S1 is not ranked above S2,config/phase4a_analysis.json|NicheNet:Zenodo:7074291|OmniPath:2026-08-15|CollecTRI:2026-08-15|CytoSig:2026-08-15
CD9,S1,ROBUST_BASELINE_SENDER,P1_PARACRINE_CORE,LICENSING_CONSISTENT_DOWN,TIER_B_COMPATIBILITY_CANDIDATE,0,4,1,6,5,0,0,NO,,,PROGRAM_MODULE_01;PROGRAM_MODULE_04;PROGRAM_MODULE_05;PROGRAM_MODULE_07,COMPUTATIONAL_HIERARCHY_NOT_THERAPEUTIC_PROOF,tier then ligand symbol; S1 is not ranked above S2,config/phase4a_analysis.json|NicheNet:Zenodo:7074291|OmniPath:2026-08-15|CollecTRI:2026-08-15|CytoSig:2026-08-15
CD99,S2,ROBUST_BASELINE_SENDER,P1_PARACRINE_CORE,NO_CLEAR_LICENSING_EFFECT,TIER_B_COMPATIBILITY_CANDIDATE,0,4,1,6,5,0,0,NO,,,PROGRAM_MODULE_01;PROGRAM_MODULE_04;PROGRAM_MODULE_05;PROGRAM_MODULE_07,COMPUTATIONAL_HIERARCHY_NOT_THERAPEUTIC_PROOF,tier then ligand symbol; S1 is not ranked above S2,config/phase4a_analysis.json|NicheNet:Zenodo:7074291|OmniPath:2026-08-15|CollecTRI:2026-08-15|CytoSig:2026-08-15
CFH,S1,ROBUST_BASELINE_SENDER,P1_PARACRINE_CORE,LICENSING_CONSISTENT_UP,TIER_B_COMPATIBILITY_CANDIDATE,0,3,0,3,3,0,0,NO,,,PROGRAM_MODULE_01;PROGRAM_MODULE_04;PROGRAM_MODULE_05,COMPUTATIONAL_HIERARCHY_NOT_THERAPEUTIC_PROOF,tier then ligand symbol; S1 is not ranked above S2,config/phase4a_analysis.json|NicheNet:Zenodo:7074291|OmniPath:2026-08-15|CollecTRI:2026-08-15|CytoSig:2026-08-15
CKLF,S2,ROBUST_BASELINE_SENDER,P1_PARACRINE_CORE,DONOR_DEPENDENT,TIER_B_COMPATIBILITY_CANDIDATE,0,1,0,2,1,0,0,NO,,,PROGRAM_MODULE_07,COMPUTATIONAL_HIERARCHY_NOT_THERAPEUTIC_PROOF,tier then ligand symbol; S1 is not ranked above S2,config/phase4a_analysis.json|NicheNet:Zenodo:7074291|OmniPath:2026-08-15|CollecTRI:2026-08-15|CytoSig:2026-08-15
CLEC11A,S2,ROBUST_BASELINE_SENDER,P1_PARACRINE_CORE,NO_CLEAR_LICENSING_EFFECT,TIER_B_COMPATIBILITY_CANDIDATE,0,4,1,6,5,0,0,NO,,,PROGRAM_MODULE_01;PROGRAM_MODULE_04;PROGRAM_MODULE_05;PROGRAM_MODULE_07,COMPUTATIONAL_HIERARCHY_NOT_THERAPEUTIC_PROOF,tier then ligand symbol; S1 is not ranked above S2,config/phase4a_analysis.json|NicheNet:Zenodo:7074291|OmniPath:2026-08-15|CollecTRI:2026-08-15|CytoSig:2026-08-15
CLMP,S2,ROBUST_BASELINE_SENDER,P3_FULL_LR_SENSITIVITY,NO_CLEAR_LICENSING_EFFECT,TIER_B_COMPATIBILITY_CANDIDATE,0,3,0,3,3,0,0,NO,,,PROGRAM_MODULE_01;PROGRAM_MODULE_04;PROGRAM_MODULE_05,COMPUTATIONAL_HIERARCHY_NOT_THERAPEUTIC_PROOF,tier then ligand symbol; S1 is not ranked above S2,config/phase4a_analysis.json|NicheNet:Zenodo:7074291|OmniPath:2026-08-15|CollecTRI:2026-08-15|CytoSig:2026-08-15
CLU,S2,ROBUST_BASELINE_SENDER,P1_PARACRINE_CORE,DONOR_DEPENDENT,TIER_B_COMPATIBILITY_CANDIDATE,0,3,0,4,3,0,0,NO,,,PROGRAM_MODULE_01;PROGRAM_MODULE_04;PROGRAM_MODULE_05,COMPUTATIONAL_HIERARCHY_NOT_THERAPEUTIC_PROOF,tier then ligand symbol; S1 is not ranked above S2,config/phase4a_analysis.json|NicheNet:Zenodo:7074291|OmniPath:2026-08-15|CollecTRI:2026-08-15|CytoSig:2026-08-15
COL12A1,S2,ROBUST_BASELINE_SENDER,P1_PARACRINE_CORE,PASSAGE_DEPENDENT,TIER_B_COMPATIBILITY_CANDIDATE,0,4,1,6,5,0,0,NO,,,PROGRAM_MODULE_01;PROGRAM_MODULE_04;PROGRAM_MODULE_05;PROGRAM_MODULE_07,COMPUTATIONAL_HIERARCHY_NOT_THERAPEUTIC_PROOF,tier then ligand symbol; S1 is not ranked above S2,config/phase4a_analysis.json|NicheNet:Zenodo:7074291|OmniPath:2026-08-15|CollecTRI:2026-08-15|CytoSig:2026-08-15
COL16A1,S2,ROBUST_BASELINE_SENDER,P1_PARACRINE_CORE,PASSAGE_DEPENDENT,TIER_B_COMPATIBILITY_CANDIDATE,0,4,1,6,5,0,0,NO,,,PROGRAM_MODULE_01;PROGRAM_MODULE_04;PROGRAM_MODULE_05;PROGRAM_MODULE_07,COMPUTATIONAL_HIERARCHY_NOT_THERAPEUTIC_PROOF,tier then ligand symbol; S1 is not ranked above S2,config/phase4a_analysis.json|NicheNet:Zenodo:7074291|OmniPath:2026-08-15|CollecTRI:2026-08-15|CytoSig:2026-08-15
COL1A2,S2,ROBUST_BASELINE_SENDER,P1_PARACRINE_CORE,NO_CLEAR_LICENSING_EFFECT,TIER_B_COMPATIBILITY_CANDIDATE,0,1,1,6,5,0,5,NO,PROGRAM_MODULE_01;PROGRAM_MODULE_05;PROGRAM_MODULE_06;PROGRAM_MODULE_07;PROGRAM_MODULE_10,,PROGRAM_MODULE_04,COMPUTATIONAL_HIERARCHY_NOT_THERAPEUTIC_PROOF,tier then ligand symbol; S1 is not ranked above S2,config/phase4a_analysis.json|NicheNet:Zenodo:7074291|OmniPath:2026-08-15|CollecTRI:2026-08-15|CytoSig:2026-08-15
COL27A1,S2,ROBUST_BASELINE_SENDER,P1_PARACRINE_CORE,NO_CLEAR_LICENSING_EFFECT,TIER_B_COMPATIBILITY_CANDIDATE,0,4,1,6,5,0,0,NO,,,PROGRAM_MODULE_01;PROGRAM_MODULE_04;PROGRAM_MODULE_05;PROGRAM_MODULE_07,COMPUTATIONAL_HIERARCHY_NOT_THERAPEUTIC_PROOF,tier then ligand symbol; S1 is not ranked above S2,config/phase4a_analysis.json|NicheNet:Zenodo:7074291|OmniPath:2026-08-15|CollecTRI:2026-08-15|CytoSig:2026-08-15
COL3A1,S2,ROBUST_BASELINE_SENDER,P1_PARACRINE_CORE,DONOR_DEPENDENT,TIER_B_COMPATIBILITY_CANDIDATE,0,1,1,6,5,0,5,NO,PROGRAM_MODULE_01;PROGRAM_MODULE_05;PROGRAM_MODULE_06;PROGRAM_MODULE_07;PROGRAM_MODULE_10,,PROGRAM_MODULE_04,COMPUTATIONAL_HIERARCHY_NOT_THERAPEUTIC_PROOF,tier then ligand symbol; S1 is not ranked above S2,config/phase4a_analysis.json|NicheNet:Zenodo:7074291|OmniPath:2026-08-15|CollecTRI:2026-08-15|CytoSig:2026-08-15
COL4A2,S2,ROBUST_BASELINE_SENDER,P1_PARACRINE_CORE,DONOR_DEPENDENT,TIER_B_COMPATIBILITY_CANDIDATE,0,1,1,6,5,1,4,YES,PROGRAM_MODULE_01;PROGRAM_MODULE_05;PROGRAM_MODULE_06;PROGRAM_MODULE_07,,PROGRAM_MODULE_04,COMPUTATIONAL_HIERARCHY_NOT_THERAPEUTIC_PROOF,tier then ligand symbol; S1 is not ranked above S2,config/phase4a_analysis.json|NicheNet:Zenodo:7074291|OmniPath:2026-08-15|CollecTRI:2026-08-15|CytoSig:2026-08-15
COL5A2,S2,ROBUST_BASELINE_SENDER,P1_PARACRINE_CORE,DONOR_DEPENDENT,TIER_B_COMPATIBILITY_CANDIDATE,0,1,1,6,5,0,5,NO,PROGRAM_MODULE_01;PROGRAM_MODULE_05;PROGRAM_MODULE_06;PROGRAM_MODULE_07;PROGRAM_MODULE_10,,PROGRAM_MODULE_04,COMPUTATIONAL_HIERARCHY_NOT_THERAPEUTIC_PROOF,tier then ligand symbol; S1 is not ranked above S2,config/phase4a_analysis.json|NicheNet:Zenodo:7074291|OmniPath:2026-08-15|CollecTRI:2026-08-15|CytoSig:2026-08-15
COL6A2,S2,ROBUST_BASELINE_SENDER,P1_PARACRINE_CORE,PASSAGE_DEPENDENT,TIER_B_COMPATIBILITY_CANDIDATE,0,1,1,6,5,0,5,NO,PROGRAM_MODULE_01;PROGRAM_MODULE_05;PROGRAM_MODULE_06;PROGRAM_MODULE_07;PROGRAM_MODULE_10,,PROGRAM_MODULE_04,COMPUTATIONAL_HIERARCHY_NOT_THERAPEUTIC_PROOF,tier then ligand symbol; S1 is not ranked above S2,config/phase4a_analysis.json|NicheNet:Zenodo:7074291|OmniPath:2026-08-15|CollecTRI:2026-08-15|CytoSig:2026-08-15
COL6A3,S2,ROBUST_BASELINE_SENDER,P1_PARACRINE_CORE,NO_CLEAR_LICENSING_EFFECT,TIER_B_COMPATIBILITY_CANDIDATE,0,1,1,6,5,0,5,NO,PROGRAM_MODULE_01;PROGRAM_MODULE_05;PROGRAM_MODULE_06;PROGRAM_MODULE_07;PROGRAM_MODULE_10,,PROGRAM_MODULE_04,COMPUTATIONAL_HIERARCHY_NOT_THERAPEUTIC_PROOF,tier then ligand symbol; S1 is not ranked above S2,config/phase4a_analysis.json|NicheNet:Zenodo:7074291|OmniPath:2026-08-15|CollecTRI:2026-08-15|CytoSig:2026-08-15
COL8A1,S2,ROBUST_BASELINE_SENDER,P1_PARACRINE_CORE,PASSAGE_DEPENDENT,TIER_B_COMPATIBILITY_CANDIDATE,0,4,1,6,5,0,0,NO,,,PROGRAM_MODULE_01;PROGRAM_MODULE_04;PROGRAM_MODULE_05;PROGRAM_MODULE_07,COMPUTATIONAL_HIERARCHY_NOT_THERAPEUTIC_PROOF,tier then ligand symbol; S1 is not ranked above S2,config/phase4a_analysis.json|NicheNet:Zenodo:7074291|OmniPath:2026-08-15|CollecTRI:2026-08-15|CytoSig:2026-08-15
COPA,S2,ROBUST_BASELINE_SENDER,P1_PARACRINE_CORE,NO_CLEAR_LICENSING_EFFECT,TIER_B_COMPATIBILITY_CANDIDATE,0,4,1,6,5,0,0,NO,,,PROGRAM_MODULE_01;PROGRAM_MODULE_04;PROGRAM_MODULE_05;PROGRAM_MODULE_07,COMPUTATIONAL_HIERARCHY_NOT_THERAPEUTIC_PROOF,tier then ligand symbol; S1 is not ranked above S2,config/phase4a_analysis.json|NicheNet:Zenodo:7074291|OmniPath:2026-08-15|CollecTRI:2026-08-15|CytoSig:2026-08-15
CTHRC1,S2,ROBUST_BASELINE_SENDER,P1_PARACRINE_CORE,NO_CLEAR_LICENSING_EFFECT,TIER_B_COMPATIBILITY_CANDIDATE,0,3,1,5,4,0,0,NO,,,PROGRAM_MODULE_01;PROGRAM_MODULE_04;PROGRAM_MODULE_07,COMPUTATIONAL_HIERARCHY_NOT_THERAPEUTIC_PROOF,tier then ligand symbol; S1 is not ranked above S2,config/phase4a_analysis.json|NicheNet:Zenodo:7074291|OmniPath:2026-08-15|CollecTRI:2026-08-15|CytoSig:2026-08-15
CTSD,S2,ROBUST_BASELINE_SENDER,P1_PARACRINE_CORE,PASSAGE_DEPENDENT,TIER_B_COMPATIBILITY_CANDIDATE,0,4,1,6,5,0,0,NO,,,PROGRAM_MODULE_01;PROGRAM_MODULE_04;PROGRAM_MODULE_05;PROGRAM_MODULE_07,COMPUTATIONAL_HIERARCHY_NOT_THERAPEUTIC_PROOF,tier then ligand symbol; S1 is not ranked above S2,config/phase4a_analysis.json|NicheNet:Zenodo:7074291|OmniPath:2026-08-15|CollecTRI:2026-08-15|CytoSig:2026-08-15
CXCL1,S2,ROBUST_BASELINE_SENDER,P1_PARACRINE_CORE,PASSAGE_DEPENDENT,TIER_B_COMPATIBILITY_CANDIDATE,0,1,1,2,2,0,0,NO,,,PROGRAM_MODULE_07,COMPUTATIONAL_HIERARCHY_NOT_THERAPEUTIC_PROOF,tier then ligand symbol; S1 is not ranked above S2,config/phase4a_analysis.json|NicheNet:Zenodo:7074291|OmniPath:2026-08-15|CollecTRI:2026-08-15|CytoSig:2026-08-15
CXCL2,S2,ROBUST_BASELINE_SENDER,P1_PARACRINE_CORE,PASSAGE_DEPENDENT,TIER_B_COMPATIBILITY_CANDIDATE,0,1,1,3,2,0,0,NO,,,PROGRAM_MODULE_07,COMPUTATIONAL_HIERARCHY_NOT_THERAPEUTIC_PROOF,tier then ligand symbol; S1 is not ranked above S2,config/phase4a_analysis.json|NicheNet:Zenodo:7074291|OmniPath:2026-08-15|CollecTRI:2026-08-15|CytoSig:2026-08-15
CXCL3,S2,ROBUST_BASELINE_SENDER,P1_PARACRINE_CORE,PASSAGE_DEPENDENT,TIER_B_COMPATIBILITY_CANDIDATE,0,1,1,2,2,0,0,NO,,,PROGRAM_MODULE_07,COMPUTATIONAL_HIERARCHY_NOT_THERAPEUTIC_PROOF,tier then ligand symbol; S1 is not ranked above S2,config/phase4a_analysis.json|NicheNet:Zenodo:7074291|OmniPath:2026-08-15|CollecTRI:2026-08-15|CytoSig:2026-08-15
CXCL5,S1,ROBUST_BASELINE_SENDER,P1_PARACRINE_CORE,LICENSING_CONSISTENT_UP,TIER_B_COMPATIBILITY_CANDIDATE,0,1,1,2,2,0,0,NO,,,PROGRAM_MODULE_07,COMPUTATIONAL_HIERARCHY_NOT_THERAPEUTIC_PROOF,tier then ligand symbol; S1 is not ranked above S2,config/phase4a_analysis.json|NicheNet:Zenodo:7074291|OmniPath:2026-08-15|CollecTRI:2026-08-15|CytoSig:2026-08-15
CXCL6,S2,ROBUST_BASELINE_SENDER,P1_PARACRINE_CORE,PASSAGE_DEPENDENT,TIER_B_COMPATIBILITY_CANDIDATE,0,1,1,2,2,0,0,NO,,,PROGRAM_MODULE_07,COMPUTATIONAL_HIERARCHY_NOT_THERAPEUTIC_PROOF,tier then ligand symbol; S1 is not ranked above S2,config/phase4a_analysis.json|NicheNet:Zenodo:7074291|OmniPath:2026-08-15|CollecTRI:2026-08-15|CytoSig:2026-08-15
DKK3,S2,ROBUST_BASELINE_SENDER,P1_PARACRINE_CORE,NO_CLEAR_LICENSING_EFFECT,TIER_B_COMPATIBILITY_CANDIDATE,0,1,1,2,2,0,0,NO,,,PROGRAM_MODULE_07,COMPUTATIONAL_HIERARCHY_NOT_THERAPEUTIC_PROOF,tier then ligand symbol; S1 is not ranked above S2,config/phase4a_analysis.json|NicheNet:Zenodo:7074291|OmniPath:2026-08-15|CollecTRI:2026-08-15|CytoSig:2026-08-15
EDIL3,S2,ROBUST_BASELINE_SENDER,P1_PARACRINE_CORE,DONOR_DEPENDENT,TIER_B_COMPATIBILITY_CANDIDATE,0,4,1,6,5,0,0,NO,,,PROGRAM_MODULE_01;PROGRAM_MODULE_04;PROGRAM_MODULE_05;PROGRAM_MODULE_07,COMPUTATIONAL_HIERARCHY_NOT_THERAPEUTIC_PROOF,tier then ligand symbol; S1 is not ranked above S2,config/phase4a_analysis.json|NicheNet:Zenodo:7074291|OmniPath:2026-08-15|CollecTRI:2026-08-15|CytoSig:2026-08-15
EFEMP1,S2,ROBUST_BASELINE_SENDER,P1_PARACRINE_CORE,PASSAGE_DEPENDENT,TIER_B_COMPATIBILITY_CANDIDATE,0,4,1,6,5,0,0,NO,,,PROGRAM_MODULE_01;PROGRAM_MODULE_04;PROGRAM_MODULE_05;PROGRAM_MODULE_07,COMPUTATIONAL_HIERARCHY_NOT_THERAPEUTIC_PROOF,tier then ligand symbol; S1 is not ranked above S2,config/phase4a_analysis.json|NicheNet:Zenodo:7074291|OmniPath:2026-08-15|CollecTRI:2026-08-15|CytoSig:2026-08-15
EFEMP2,S2,ROBUST_BASELINE_SENDER,P1_PARACRINE_CORE,DONOR_DEPENDENT,TIER_B_COMPATIBILITY_CANDIDATE,0,2,1,3,3,0,0,NO,,,PROGRAM_MODULE_05;PROGRAM_MODULE_07,COMPUTATIONAL_HIERARCHY_NOT_THERAPEUTIC_PROOF,tier then ligand symbol; S1 is not ranked above S2,config/phase4a_analysis.json|NicheNet:Zenodo:7074291|OmniPath:2026-08-15|CollecTRI:2026-08-15|CytoSig:2026-08-15
EMC1,S2,ROBUST_BASELINE_SENDER,P3_FULL_LR_SENSITIVITY,NO_CLEAR_LICENSING_EFFECT,TIER_B_COMPATIBILITY_CANDIDATE,0,4,1,6,5,0,0,NO,,,PROGRAM_MODULE_01;PROGRAM_MODULE_04;PROGRAM_MODULE_05;PROGRAM_MODULE_07,COMPUTATIONAL_HIERARCHY_NOT_THERAPEUTIC_PROOF,tier then ligand symbol; S1 is not ranked above S2,config/phase4a_analysis.json|NicheNet:Zenodo:7074291|OmniPath:2026-08-15|CollecTRI:2026-08-15|CytoSig:2026-08-15
ENG,S2,ROBUST_BASELINE_SENDER,P2_EXTRACELLULAR_EXTENDED,PASSAGE_DEPENDENT,TIER_B_COMPATIBILITY_CANDIDATE,0,4,1,6,5,0,0,NO,,,PROGRAM_MODULE_01;PROGRAM_MODULE_04;PROGRAM_MODULE_05;PROGRAM_MODULE_07,COMPUTATIONAL_HIERARCHY_NOT_THERAPEUTIC_PROOF,tier then ligand symbol; S1 is not ranked above S2,config/phase4a_analysis.json|NicheNet:Zenodo:7074291|OmniPath:2026-08-15|CollecTRI:2026-08-15|CytoSig:2026-08-15
EZR,S2,ROBUST_BASELINE_SENDER,P2_EXTRACELLULAR_EXTENDED,NO_CLEAR_LICENSING_EFFECT,TIER_B_COMPATIBILITY_CANDIDATE,0,2,3,6,5,2,1,YES,PROGRAM_MODULE_01,,PROGRAM_MODULE_04;PROGRAM_MODULE_05,COMPUTATIONAL_HIERARCHY_NOT_THERAPEUTIC_PROOF,tier then ligand symbol; S1 is not ranked above S2,config/phase4a_analysis.json|NicheNet:Zenodo:7074291|OmniPath:2026-08-15|CollecTRI:2026-08-15|CytoSig:2026-08-15
FAM3C,S2,ROBUST_BASELINE_SENDER,P1_PARACRINE_CORE,NO_CLEAR_LICENSING_EFFECT,TIER_B_COMPATIBILITY_CANDIDATE,0,3,1,6,5,0,3,NO,PROGRAM_MODULE_06;PROGRAM_MODULE_07;PROGRAM_MODULE_10,,PROGRAM_MODULE_01;PROGRAM_MODULE_04;PROGRAM_MODULE_05,COMPUTATIONAL_HIERARCHY_NOT_THERAPEUTIC_PROOF,tier then ligand symbol; S1 is not ranked above S2,config/phase4a_analysis.json|NicheNet:Zenodo:7074291|OmniPath:2026-08-15|CollecTRI:2026-08-15|CytoSig:2026-08-15
FAP,S2,ROBUST_BASELINE_SENDER,P1_PARACRINE_CORE,PASSAGE_DEPENDENT,TIER_B_COMPATIBILITY_CANDIDATE,0,1,1,3,2,0,0,NO,,,PROGRAM_MODULE_07,COMPUTATIONAL_HIERARCHY_NOT_THERAPEUTIC_PROOF,tier then ligand symbol; S1 is not ranked above S2,config/phase4a_analysis.json|NicheNet:Zenodo:7074291|OmniPath:2026-08-15|CollecTRI:2026-08-15|CytoSig:2026-08-15
FBLN1,S2,ROBUST_BASELINE_SENDER,P1_PARACRINE_CORE,DONOR_DEPENDENT,TIER_B_COMPATIBILITY_CANDIDATE,0,4,1,6,5,0,0,NO,,,PROGRAM_MODULE_01;PROGRAM_MODULE_04;PROGRAM_MODULE_05;PROGRAM_MODULE_07,COMPUTATIONAL_HIERARCHY_NOT_THERAPEUTIC_PROOF,tier then ligand symbol; S1 is not ranked above S2,config/phase4a_analysis.json|NicheNet:Zenodo:7074291|OmniPath:2026-08-15|CollecTRI:2026-08-15|CytoSig:2026-08-15
FBN1,S2,ROBUST_BASELINE_SENDER,P1_PARACRINE_CORE,DONOR_DEPENDENT,TIER_B_COMPATIBILITY_CANDIDATE,0,4,1,6,5,0,0,NO,,,PROGRAM_MODULE_01;PROGRAM_MODULE_04;PROGRAM_MODULE_05;PROGRAM_MODULE_07,COMPUTATIONAL_HIERARCHY_NOT_THERAPEUTIC_PROOF,tier then ligand symbol; S1 is not ranked above S2,config/phase4a_analysis.json|NicheNet:Zenodo:7074291|OmniPath:2026-08-15|CollecTRI:2026-08-15|CytoSig:2026-08-15
FGF7,S2,ROBUST_BASELINE_SENDER,P1_PARACRINE_CORE,PASSAGE_DEPENDENT,TIER_B_COMPATIBILITY_CANDIDATE,0,3,1,6,5,0,2,NO,PROGRAM_MODULE_06;PROGRAM_MODULE_07,,PROGRAM_MODULE_01;PROGRAM_MODULE_04;PROGRAM_MODULE_05,COMPUTATIONAL_HIERARCHY_NOT_THERAPEUTIC_PROOF,tier then ligand symbol; S1 is not ranked above S2,config/phase4a_analysis.json|NicheNet:Zenodo:7074291|OmniPath:2026-08-15|CollecTRI:2026-08-15|CytoSig:2026-08-15
FLRT2,S2,ROBUST_BASELINE_SENDER,P1_PARACRINE_CORE,PASSAGE_DEPENDENT,TIER_B_COMPATIBILITY_CANDIDATE,0,3,1,4,4,0,0,NO,,,PROGRAM_MODULE_01;PROGRAM_MODULE_04;PROGRAM_MODULE_07,COMPUTATIONAL_HIERARCHY_NOT_THERAPEUTIC_PROOF,tier then ligand symbol; S1 is not ranked above S2,config/phase4a_analysis.json|NicheNet:Zenodo:7074291|OmniPath:2026-08-15|CollecTRI:2026-08-15|CytoSig:2026-08-15
GLG1,S2,ROBUST_BASELINE_SENDER,P1_PARACRINE_CORE,PASSAGE_DEPENDENT,TIER_B_COMPATIBILITY_CANDIDATE,0,1,1,2,2,0,0,NO,,,PROGRAM_MODULE_07,COMPUTATIONAL_HIERARCHY_NOT_THERAPEUTIC_PROOF,tier then ligand symbol; S1 is not ranked above S2,config/phase4a_analysis.json|NicheNet:Zenodo:7074291|OmniPath:2026-08-15|CollecTRI:2026-08-15|CytoSig:2026-08-15
GNAS,S2,ROBUST_BASELINE_SENDER,P1_PARACRINE_CORE,NO_CLEAR_LICENSING_EFFECT,TIER_B_COMPATIBILITY_CANDIDATE,0,3,1,5,4,1,0,NO,,,PROGRAM_MODULE_01;PROGRAM_MODULE_04;PROGRAM_MODULE_07,COMPUTATIONAL_HIERARCHY_NOT_THERAPEUTIC_PROOF,tier then ligand symbol; S1 is not ranked above S2,config/phase4a_analysis.json|NicheNet:Zenodo:7074291|OmniPath:2026-08-15|CollecTRI:2026-08-15|CytoSig:2026-08-15
GPI,S2,ROBUST_BASELINE_SENDER,P1_PARACRINE_CORE,NO_CLEAR_LICENSING_EFFECT,TIER_B_COMPATIBILITY_CANDIDATE,0,4,1,6,5,0,0,NO,,,PROGRAM_MODULE_01;PROGRAM_MODULE_04;PROGRAM_MODULE_05;PROGRAM_MODULE_07,COMPUTATIONAL_HIERARCHY_NOT_THERAPEUTIC_PROOF,tier then ligand symbol; S1 is not ranked above S2,config/phase4a_analysis.json|NicheNet:Zenodo:7074291|OmniPath:2026-08-15|CollecTRI:2026-08-15|CytoSig:2026-08-15
HAS2,S2,ROBUST_BASELINE_SENDER,P2_EXTRACELLULAR_EXTENDED,DONOR_DEPENDENT,TIER_B_COMPATIBILITY_CANDIDATE,0,4,1,6,5,0,0,NO,,,PROGRAM_MODULE_01;PROGRAM_MODULE_04;PROGRAM_MODULE_05;PROGRAM_MODULE_07,COMPUTATIONAL_HIERARCHY_NOT_THERAPEUTIC_PROOF,tier then ligand symbol; S1 is not ranked above S2,config/phase4a_analysis.json|NicheNet:Zenodo:7074291|OmniPath:2026-08-15|CollecTRI:2026-08-15|CytoSig:2026-08-15
HEBP1,S2,ROBUST_BASELINE_SENDER,P1_PARACRINE_CORE,NO_CLEAR_LICENSING_EFFECT,TIER_B_COMPATIBILITY_CANDIDATE,0,3,0,3,3,0,0,NO,,,PROGRAM_MODULE_01;PROGRAM_MODULE_04;PROGRAM_MODULE_05,COMPUTATIONAL_HIERARCHY_NOT_THERAPEUTIC_PROOF,tier then ligand symbol; S1 is not ranked above S2,config/phase4a_analysis.json|NicheNet:Zenodo:7074291|OmniPath:2026-08-15|CollecTRI:2026-08-15|CytoSig:2026-08-15
HLA-A,S1,ROBUST_BASELINE_SENDER,P2_EXTRACELLULAR_EXTENDED,LICENSING_CONSISTENT_UP,TIER_B_COMPATIBILITY_CANDIDATE,0,4,1,6,5,0,0,NO,,,PROGRAM_MODULE_01;PROGRAM_MODULE_04;PROGRAM_MODULE_05;PROGRAM_MODULE_07,COMPUTATIONAL_HIERARCHY_NOT_THERAPEUTIC_PROOF,tier then ligand symbol; S1 is not ranked above S2,config/phase4a_analysis.json|NicheNet:Zenodo:7074291|OmniPath:2026-08-15|CollecTRI:2026-08-15|CytoSig:2026-08-15
HLA-B,S1,ROBUST_BASELINE_SENDER,P2_EXTRACELLULAR_EXTENDED,LICENSING_CONSISTENT_UP,TIER_B_COMPATIBILITY_CANDIDATE,0,3,0,4,3,0,0,NO,,,PROGRAM_MODULE_01;PROGRAM_MODULE_04;PROGRAM_MODULE_05,COMPUTATIONAL_HIERARCHY_NOT_THERAPEUTIC_PROOF,tier then ligand symbol; S1 is not ranked above S2,config/phase4a_analysis.json|NicheNet:Zenodo:7074291|OmniPath:2026-08-15|CollecTRI:2026-08-15|CytoSig:2026-08-15
HLA-C,S1,ROBUST_BASELINE_SENDER,P2_EXTRACELLULAR_EXTENDED,LICENSING_CONSISTENT_UP,TIER_B_COMPATIBILITY_CANDIDATE,0,3,0,3,3,0,0,NO,,,PROGRAM_MODULE_01;PROGRAM_MODULE_04;PROGRAM_MODULE_05,COMPUTATIONAL_HIERARCHY_NOT_THERAPEUTIC_PROOF,tier then ligand symbol; S1 is not ranked above S2,config/phase4a_analysis.json|NicheNet:Zenodo:7074291|OmniPath:2026-08-15|CollecTRI:2026-08-15|CytoSig:2026-08-15
HMGB1,S2,ROBUST_BASELINE_SENDER,P1_PARACRINE_CORE,NO_CLEAR_LICENSING_EFFECT,TIER_B_COMPATIBILITY_CANDIDATE,0,1,1,6,5,0,3,NO,PROGRAM_MODULE_01;PROGRAM_MODULE_04;PROGRAM_MODULE_05,,PROGRAM_MODULE_07,COMPUTATIONAL_HIERARCHY_NOT_THERAPEUTIC_PROOF,tier then ligand symbol; S1 is not ranked above S2,config/phase4a_analysis.json|NicheNet:Zenodo:7074291|OmniPath:2026-08-15|CollecTRI:2026-08-15|CytoSig:2026-08-15
HSP90B1,S2,ROBUST_BASELINE_SENDER,P2_EXTRACELLULAR_EXTENDED,NO_CLEAR_LICENSING_EFFECT,TIER_B_COMPATIBILITY_CANDIDATE,0,1,4,6,5,0,5,NO,PROGRAM_MODULE_01;PROGRAM_MODULE_05;PROGRAM_MODULE_06;PROGRAM_MODULE_07;PROGRAM_MODULE_10,,PROGRAM_MODULE_04,COMPUTATIONAL_HIERARCHY_NOT_THERAPEUTIC_PROOF,tier then ligand symbol; S1 is not ranked above S2,config/phase4a_analysis.json|NicheNet:Zenodo:7074291|OmniPath:2026-08-15|CollecTRI:2026-08-15|CytoSig:2026-08-15
IGFBP4,S2,ROBUST_BASELINE_SENDER,P1_PARACRINE_CORE,PASSAGE_DEPENDENT,TIER_B_COMPATIBILITY_CANDIDATE,0,1,1,2,2,0,0,NO,,,PROGRAM_MODULE_07,COMPUTATIONAL_HIERARCHY_NOT_THERAPEUTIC_PROOF,tier then ligand symbol; S1 is not ranked above S2,config/phase4a_analysis.json|NicheNet:Zenodo:7074291|OmniPath:2026-08-15|CollecTRI:2026-08-15|CytoSig:2026-08-15
IL15,S1,ROBUST_BASELINE_SENDER,P1_PARACRINE_CORE,LICENSING_CONSISTENT_UP,TIER_B_COMPATIBILITY_CANDIDATE,0,1,1,5,5,0,4,NO,PROGRAM_MODULE_01;PROGRAM_MODULE_05;PROGRAM_MODULE_06;PROGRAM_MODULE_07,,PROGRAM_MODULE_04,COMPUTATIONAL_HIERARCHY_NOT_THERAPEUTIC_PROOF,tier then ligand symbol; S1 is not ranked above S2,config/phase4a_analysis.json|NicheNet:Zenodo:7074291|OmniPath:2026-08-15|CollecTRI:2026-08-15|CytoSig:2026-08-15
IL1B,S2,ROBUST_BASELINE_SENDER,P1_PARACRINE_CORE,PASSAGE_DEPENDENT,TIER_B_COMPATIBILITY_CANDIDATE,0,1,1,6,5,1,4,YES,PROGRAM_MODULE_01;PROGRAM_MODULE_05;PROGRAM_MODULE_06;PROGRAM_MODULE_07,,PROGRAM_MODULE_04,COMPUTATIONAL_HIERARCHY_NOT_THERAPEUTIC_PROOF,tier then ligand symbol; S1 is not ranked above S2,config/phase4a_analysis.json|NicheNet:Zenodo:7074291|OmniPath:2026-08-15|CollecTRI:2026-08-15|CytoSig:2026-08-15
INHBA,S2,ROBUST_BASELINE_SENDER,P1_PARACRINE_CORE,PASSAGE_DEPENDENT,TIER_B_COMPATIBILITY_CANDIDATE,0,1,1,6,5,1,4,YES,PROGRAM_MODULE_01;PROGRAM_MODULE_04;PROGRAM_MODULE_06;PROGRAM_MODULE_07,,PROGRAM_MODULE_05,COMPUTATIONAL_HIERARCHY_NOT_THERAPEUTIC_PROOF,tier then ligand symbol; S1 is not ranked above S2,config/phase4a_analysis.json|NicheNet:Zenodo:7074291|OmniPath:2026-08-15|CollecTRI:2026-08-15|CytoSig:2026-08-15
ITM2B,S2,ROBUST_BASELINE_SENDER,P1_PARACRINE_CORE,NO_CLEAR_LICENSING_EFFECT,TIER_B_COMPATIBILITY_CANDIDATE,0,1,1,2,2,0,0,NO,,,PROGRAM_MODULE_07,COMPUTATIONAL_HIERARCHY_NOT_THERAPEUTIC_PROOF,tier then ligand symbol; S1 is not ranked above S2,config/phase4a_analysis.json|NicheNet:Zenodo:7074291|OmniPath:2026-08-15|CollecTRI:2026-08-15|CytoSig:2026-08-15
JAM3,S2,ROBUST_BASELINE_SENDER,P1_PARACRINE_CORE,PASSAGE_DEPENDENT,TIER_B_COMPATIBILITY_CANDIDATE,0,4,1,6,5,0,0,NO,,,PROGRAM_MODULE_01;PROGRAM_MODULE_04;PROGRAM_MODULE_05;PROGRAM_MODULE_07,COMPUTATIONAL_HIERARCHY_NOT_THERAPEUTIC_PROOF,tier then ligand symbol; S1 is not ranked above S2,config/phase4a_analysis.json|NicheNet:Zenodo:7074291|OmniPath:2026-08-15|CollecTRI:2026-08-15|CytoSig:2026-08-15
LGALS1,S2,ROBUST_BASELINE_SENDER,P1_PARACRINE_CORE,NO_CLEAR_LICENSING_EFFECT,TIER_B_COMPATIBILITY_CANDIDATE,0,4,1,6,5,0,0,NO,,,PROGRAM_MODULE_01;PROGRAM_MODULE_04;PROGRAM_MODULE_05;PROGRAM_MODULE_07,COMPUTATIONAL_HIERARCHY_NOT_THERAPEUTIC_PROOF,tier then ligand symbol; S1 is not ranked above S2,config/phase4a_analysis.json|NicheNet:Zenodo:7074291|OmniPath:2026-08-15|CollecTRI:2026-08-15|CytoSig:2026-08-15
LGALS3,S2,ROBUST_BASELINE_SENDER,P1_PARACRINE_CORE,PASSAGE_DEPENDENT,TIER_B_COMPATIBILITY_CANDIDATE,0,4,1,6,5,0,0,NO,,,PROGRAM_MODULE_01;PROGRAM_MODULE_04;PROGRAM_MODULE_05;PROGRAM_MODULE_07,COMPUTATIONAL_HIERARCHY_NOT_THERAPEUTIC_PROOF,tier then ligand symbol; S1 is not ranked above S2,config/phase4a_analysis.json|NicheNet:Zenodo:7074291|OmniPath:2026-08-15|CollecTRI:2026-08-15|CytoSig:2026-08-15
LGALS3BP,S1,ROBUST_BASELINE_SENDER,P1_PARACRINE_CORE,LICENSING_CONSISTENT_UP,TIER_B_COMPATIBILITY_CANDIDATE,0,4,1,6,5,0,0,NO,,,PROGRAM_MODULE_01;PROGRAM_MODULE_04;PROGRAM_MODULE_05;PROGRAM_MODULE_07,COMPUTATIONAL_HIERARCHY_NOT_THERAPEUTIC_PROOF,tier then ligand symbol; S1 is not ranked above S2,config/phase4a_analysis.json|NicheNet:Zenodo:7074291|OmniPath:2026-08-15|CollecTRI:2026-08-15|CytoSig:2026-08-15
LIN7C,S2,ROBUST_BASELINE_SENDER,P1_PARACRINE_CORE,NO_CLEAR_LICENSING_EFFECT,TIER_B_COMPATIBILITY_CANDIDATE,0,4,1,6,5,0,0,NO,,,PROGRAM_MODULE_01;PROGRAM_MODULE_04;PROGRAM_MODULE_05;PROGRAM_MODULE_07,COMPUTATIONAL_HIERARCHY_NOT_THERAPEUTIC_PROOF,tier then ligand symbol; S1 is not ranked above S2,config/phase4a_analysis.json|NicheNet:Zenodo:7074291|OmniPath:2026-08-15|CollecTRI:2026-08-15|CytoSig:2026-08-15
LRCH4,S2,ROBUST_BASELINE_SENDER,P3_FULL_LR_SENSITIVITY,PASSAGE_DEPENDENT,TIER_B_COMPATIBILITY_CANDIDATE,0,1,1,2,2,0,0,NO,,,PROGRAM_MODULE_07,COMPUTATIONAL_HIERARCHY_NOT_THERAPEUTIC_PROOF,tier then ligand symbol; S1 is not ranked above S2,config/phase4a_analysis.json|NicheNet:Zenodo:7074291|OmniPath:2026-08-15|CollecTRI:2026-08-15|CytoSig:2026-08-15
LRFN4,S2,ROBUST_BASELINE_SENDER,P3_FULL_LR_SENSITIVITY,PASSAGE_DEPENDENT,TIER_B_COMPATIBILITY_CANDIDATE,0,1,1,2,2,0,0,NO,,,PROGRAM_MODULE_07,COMPUTATIONAL_HIERARCHY_NOT_THERAPEUTIC_PROOF,tier then ligand symbol; S1 is not ranked above S2,config/phase4a_analysis.json|NicheNet:Zenodo:7074291|OmniPath:2026-08-15|CollecTRI:2026-08-15|CytoSig:2026-08-15
LRPAP1,S2,ROBUST_BASELINE_SENDER,P1_PARACRINE_CORE,DONOR_DEPENDENT,TIER_B_COMPATIBILITY_CANDIDATE,0,4,1,6,5,0,0,NO,,,PROGRAM_MODULE_01;PROGRAM_MODULE_04;PROGRAM_MODULE_05;PROGRAM_MODULE_07,COMPUTATIONAL_HIERARCHY_NOT_THERAPEUTIC_PROOF,tier then ligand symbol; S1 is not ranked above S2,config/phase4a_analysis.json|NicheNet:Zenodo:7074291|OmniPath:2026-08-15|CollecTRI:2026-08-15|CytoSig:2026-08-15
LTBP1,S2,ROBUST_BASELINE_SENDER,P1_PARACRINE_CORE,NO_CLEAR_LICENSING_EFFECT,TIER_B_COMPATIBILITY_CANDIDATE,0,4,1,6,5,0,0,NO,,,PROGRAM_MODULE_01;PROGRAM_MODULE_04;PROGRAM_MODULE_05;PROGRAM_MODULE_07,COMPUTATIONAL_HIERARCHY_NOT_THERAPEUTIC_PROOF,tier then ligand symbol; S1 is not ranked above S2,config/phase4a_analysis.json|NicheNet:Zenodo:7074291|OmniPath:2026-08-15|CollecTRI:2026-08-15|CytoSig:2026-08-15
LTBP3,S2,ROBUST_BASELINE_SENDER,P1_PARACRINE_CORE,NO_CLEAR_LICENSING_EFFECT,TIER_B_COMPATIBILITY_CANDIDATE,0,4,1,6,5,0,0,NO,,,PROGRAM_MODULE_01;PROGRAM_MODULE_04;PROGRAM_MODULE_05;PROGRAM_MODULE_07,COMPUTATIONAL_HIERARCHY_NOT_THERAPEUTIC_PROOF,tier then ligand symbol; S1 is not ranked above S2,config/phase4a_analysis.json|NicheNet:Zenodo:7074291|OmniPath:2026-08-15|CollecTRI:2026-08-15|CytoSig:2026-08-15
LUM,S2,ROBUST_BASELINE_SENDER,P1_PARACRINE_CORE,DONOR_DEPENDENT,TIER_B_COMPATIBILITY_CANDIDATE,0,4,1,6,5,0,0,NO,,,PROGRAM_MODULE_01;PROGRAM_MODULE_04;PROGRAM_MODULE_05;PROGRAM_MODULE_07,COMPUTATIONAL_HIERARCHY_NOT_THERAPEUTIC_PROOF,tier then ligand symbol; S1 is not ranked above S2,config/phase4a_analysis.json|NicheNet:Zenodo:7074291|OmniPath:2026-08-15|CollecTRI:2026-08-15|CytoSig:2026-08-15
MFGE8,S2,ROBUST_BASELINE_SENDER,P1_PARACRINE_CORE,PASSAGE_DEPENDENT,TIER_B_COMPATIBILITY_CANDIDATE,0,4,1,6,5,0,0,NO,,,PROGRAM_MODULE_01;PROGRAM_MODULE_04;PROGRAM_MODULE_05;PROGRAM_MODULE_07,COMPUTATIONAL_HIERARCHY_NOT_THERAPEUTIC_PROOF,tier then ligand symbol; S1 is not ranked above S2,config/phase4a_analysis.json|NicheNet:Zenodo:7074291|OmniPath:2026-08-15|CollecTRI:2026-08-15|CytoSig:2026-08-15
MICA,S2,ROBUST_BASELINE_SENDER,P1_PARACRINE_CORE,PASSAGE_DEPENDENT,TIER_B_COMPATIBILITY_CANDIDATE,0,3,0,3,3,0,0,NO,,,PROGRAM_MODULE_01;PROGRAM_MODULE_04;PROGRAM_MODULE_05,COMPUTATIONAL_HIERARCHY_NOT_THERAPEUTIC_PROOF,tier then ligand symbol; S1 is not ranked above S2,config/phase4a_analysis.json|NicheNet:Zenodo:7074291|OmniPath:2026-08-15|CollecTRI:2026-08-15|CytoSig:2026-08-15
MIF,S2,ROBUST_BASELINE_SENDER,P1_PARACRINE_CORE,NO_CLEAR_LICENSING_EFFECT,TIER_B_COMPATIBILITY_CANDIDATE,0,1,1,6,5,1,3,YES,PROGRAM_MODULE_01;PROGRAM_MODULE_04;PROGRAM_MODULE_05,,PROGRAM_MODULE_07,COMPUTATIONAL_HIERARCHY_NOT_THERAPEUTIC_PROOF,tier then ligand symbol; S1 is not ranked above S2,config/phase4a_analysis.json|NicheNet:Zenodo:7074291|OmniPath:2026-08-15|CollecTRI:2026-08-15|CytoSig:2026-08-15
MMP14,S2,ROBUST_BASELINE_SENDER,P2_EXTRACELLULAR_EXTENDED,PASSAGE_DEPENDENT,TIER_B_COMPATIBILITY_CANDIDATE,0,1,4,6,5,2,3,YES,PROGRAM_MODULE_01;PROGRAM_MODULE_05;PROGRAM_MODULE_07,,PROGRAM_MODULE_04,COMPUTATIONAL_HIERARCHY_NOT_THERAPEUTIC_PROOF,tier then ligand symbol; S1 is not ranked above S2,config/phase4a_analysis.json|NicheNet:Zenodo:7074291|OmniPath:2026-08-15|CollecTRI:2026-08-15|CytoSig:2026-08-15
MPDZ,S2,ROBUST_BASELINE_SENDER,P3_FULL_LR_SENSITIVITY,NO_CLEAR_LICENSING_EFFECT,TIER_B_COMPATIBILITY_CANDIDATE,0,4,1,6,5,0,0,NO,,,PROGRAM_MODULE_01;PROGRAM_MODULE_04;PROGRAM_MODULE_05;PROGRAM_MODULE_07,COMPUTATIONAL_HIERARCHY_NOT_THERAPEUTIC_PROOF,tier then ligand symbol; S1 is not ranked above S2,config/phase4a_analysis.json|NicheNet:Zenodo:7074291|OmniPath:2026-08-15|CollecTRI:2026-08-15|CytoSig:2026-08-15
MSN,S1,ROBUST_BASELINE_SENDER,P2_EXTRACELLULAR_EXTENDED,LICENSING_CONSISTENT_UP,TIER_B_COMPATIBILITY_CANDIDATE,0,2,3,6,5,2,1,YES,PROGRAM_MODULE_01,,PROGRAM_MODULE_04;PROGRAM_MODULE_05,COMPUTATIONAL_HIERARCHY_NOT_THERAPEUTIC_PROOF,tier then ligand symbol; S1 is not ranked above S2,config/phase4a_analysis.json|NicheNet:Zenodo:7074291|OmniPath:2026-08-15|CollecTRI:2026-08-15|CytoSig:2026-08-15
MXRA8,S1,ROBUST_BASELINE_SENDER,P3_FULL_LR_SENSITIVITY,LICENSING_CONSISTENT_DOWN,TIER_B_COMPATIBILITY_CANDIDATE,0,3,1,4,4,0,0,NO,,,PROGRAM_MODULE_01;PROGRAM_MODULE_04;PROGRAM_MODULE_07,COMPUTATIONAL_HIERARCHY_NOT_THERAPEUTIC_PROOF,tier then ligand symbol; S1 is not ranked above S2,config/phase4a_analysis.json|NicheNet:Zenodo:7074291|OmniPath:2026-08-15|CollecTRI:2026-08-15|CytoSig:2026-08-15
NETO2,S2,ROBUST_BASELINE_SENDER,P3_FULL_LR_SENSITIVITY,DONOR_DEPENDENT,TIER_B_COMPATIBILITY_CANDIDATE,0,4,1,5,5,0,0,NO,,,PROGRAM_MODULE_01;PROGRAM_MODULE_04;PROGRAM_MODULE_05;PROGRAM_MODULE_07,COMPUTATIONAL_HIERARCHY_NOT_THERAPEUTIC_PROOF,tier then ligand symbol; S1 is not ranked above S2,config/phase4a_analysis.json|NicheNet:Zenodo:7074291|OmniPath:2026-08-15|CollecTRI:2026-08-15|CytoSig:2026-08-15
NRP1,S2,ROBUST_BASELINE_SENDER,P1_PARACRINE_CORE,NO_CLEAR_LICENSING_EFFECT,TIER_B_COMPATIBILITY_CANDIDATE,0,4,1,6,5,0,0,NO,,,PROGRAM_MODULE_01;PROGRAM_MODULE_04;PROGRAM_MODULE_05;PROGRAM_MODULE_07,COMPUTATIONAL_HIERARCHY_NOT_THERAPEUTIC_PROOF,tier then ligand symbol; S1 is not ranked above S2,config/phase4a_analysis.json|NicheNet:Zenodo:7074291|OmniPath:2026-08-15|CollecTRI:2026-08-15|CytoSig:2026-08-15
NUCB2,S2,ROBUST_BASELINE_SENDER,P1_PARACRINE_CORE,NO_CLEAR_LICENSING_EFFECT,TIER_B_COMPATIBILITY_CANDIDATE,0,4,1,6,5,0,0,NO,,,PROGRAM_MODULE_01;PROGRAM_MODULE_04;PROGRAM_MODULE_05;PROGRAM_MODULE_07,COMPUTATIONAL_HIERARCHY_NOT_THERAPEUTIC_PROOF,tier then ligand symbol; S1 is not ranked above S2,config/phase4a_analysis.json|NicheNet:Zenodo:7074291|OmniPath:2026-08-15|CollecTRI:2026-08-15|CytoSig:2026-08-15
PAM,S2,ROBUST_BASELINE_SENDER,P1_PARACRINE_CORE,NO_CLEAR_LICENSING_EFFECT,TIER_B_COMPATIBILITY_CANDIDATE,0,1,1,3,2,0,0,NO,,,PROGRAM_MODULE_07,COMPUTATIONAL_HIERARCHY_NOT_THERAPEUTIC_PROOF,tier then ligand symbol; S1 is not ranked above S2,config/phase4a_analysis.json|NicheNet:Zenodo:7074291|OmniPath:2026-08-15|CollecTRI:2026-08-15|CytoSig:2026-08-15
PLAT,S2,ROBUST_BASELINE_SENDER,P1_PARACRINE_CORE,PASSAGE_DEPENDENT,TIER_B_COMPATIBILITY_CANDIDATE,0,1,1,6,5,0,5,NO,PROGRAM_MODULE_01;PROGRAM_MODULE_05;PROGRAM_MODULE_06;PROGRAM_MODULE_07;PROGRAM_MODULE_10,,PROGRAM_MODULE_04,COMPUTATIONAL_HIERARCHY_NOT_THERAPEUTIC_PROOF,tier then ligand symbol; S1 is not ranked above S2,config/phase4a_analysis.json|NicheNet:Zenodo:7074291|OmniPath:2026-08-15|CollecTRI:2026-08-15|CytoSig:2026-08-15
PLTP,S2,ROBUST_BASELINE_SENDER,P1_PARACRINE_CORE,PASSAGE_DEPENDENT,TIER_B_COMPATIBILITY_CANDIDATE,0,4,1,6,5,0,0,NO,,,PROGRAM_MODULE_01;PROGRAM_MODULE_04;PROGRAM_MODULE_05;PROGRAM_MODULE_07,COMPUTATIONAL_HIERARCHY_NOT_THERAPEUTIC_PROOF,tier then ligand symbol; S1 is not ranked above S2,config/phase4a_analysis.json|NicheNet:Zenodo:7074291|OmniPath:2026-08-15|CollecTRI:2026-08-15|CytoSig:2026-08-15
PLXNA1,S2,ROBUST_BASELINE_SENDER,P2_EXTRACELLULAR_EXTENDED,PASSAGE_DEPENDENT,TIER_B_COMPATIBILITY_CANDIDATE,0,3,0,3,3,0,0,NO,,,PROGRAM_MODULE_01;PROGRAM_MODULE_04;PROGRAM_MODULE_05,COMPUTATIONAL_HIERARCHY_NOT_THERAPEUTIC_PROOF,tier then ligand symbol; S1 is not ranked above S2,config/phase4a_analysis.json|NicheNet:Zenodo:7074291|OmniPath:2026-08-15|CollecTRI:2026-08-15|CytoSig:2026-08-15
PRNP,S2,ROBUST_BASELINE_SENDER,P2_EXTRACELLULAR_EXTENDED,PASSAGE_DEPENDENT,TIER_B_COMPATIBILITY_CANDIDATE,0,2,0,2,2,0,0,NO,,,PROGRAM_MODULE_01;PROGRAM_MODULE_04,COMPUTATIONAL_HIERARCHY_NOT_THERAPEUTIC_PROOF,tier then ligand symbol; S1 is not ranked above S2,config/phase4a_analysis.json|NicheNet:Zenodo:7074291|OmniPath:2026-08-15|CollecTRI:2026-08-15|CytoSig:2026-08-15
PSAP,S2,ROBUST_BASELINE_SENDER,P1_PARACRINE_CORE,PASSAGE_DEPENDENT,TIER_B_COMPATIBILITY_CANDIDATE,0,1,1,6,5,0,5,NO,PROGRAM_MODULE_01;PROGRAM_MODULE_05;PROGRAM_MODULE_06;PROGRAM_MODULE_07;PROGRAM_MODULE_10,,PROGRAM_MODULE_04,COMPUTATIONAL_HIERARCHY_NOT_THERAPEUTIC_PROOF,tier then ligand symbol; S1 is not ranked above S2,config/phase4a_analysis.json|NicheNet:Zenodo:7074291|OmniPath:2026-08-15|CollecTRI:2026-08-15|CytoSig:2026-08-15
PTDSS1,S2,ROBUST_BASELINE_SENDER,P2_EXTRACELLULAR_EXTENDED,PASSAGE_DEPENDENT,TIER_B_COMPATIBILITY_CANDIDATE,0,1,4,6,5,0,5,NO,PROGRAM_MODULE_01;PROGRAM_MODULE_05;PROGRAM_MODULE_06;PROGRAM_MODULE_07;PROGRAM_MODULE_10,,PROGRAM_MODULE_04,COMPUTATIONAL_HIERARCHY_NOT_THERAPEUTIC_PROOF,tier then ligand symbol; S1 is not ranked above S2,config/phase4a_analysis.json|NicheNet:Zenodo:7074291|OmniPath:2026-08-15|CollecTRI:2026-08-15|CytoSig:2026-08-15
PTN,S1,ROBUST_BASELINE_SENDER,P1_PARACRINE_CORE,LICENSING_CONSISTENT_UP,TIER_B_COMPATIBILITY_CANDIDATE,0,1,1,6,5,0,4,NO,PROGRAM_MODULE_01;PROGRAM_MODULE_04;PROGRAM_MODULE_05;PROGRAM_MODULE_10,,PROGRAM_MODULE_07,COMPUTATIONAL_HIERARCHY_NOT_THERAPEUTIC_PROOF,tier then ligand symbol; S1 is not ranked above S2,config/phase4a_analysis.json|NicheNet:Zenodo:7074291|OmniPath:2026-08-15|CollecTRI:2026-08-15|CytoSig:2026-08-15
RPS19,S2,ROBUST_BASELINE_SENDER,P1_PARACRINE_CORE,NO_CLEAR_LICENSING_EFFECT,TIER_B_COMPATIBILITY_CANDIDATE,0,3,0,3,3,0,0,NO,,,PROGRAM_MODULE_01;PROGRAM_MODULE_04;PROGRAM_MODULE_05,COMPUTATIONAL_HIERARCHY_NOT_THERAPEUTIC_PROOF,tier then ligand symbol; S1 is not ranked above S2,config/phase4a_analysis.json|NicheNet:Zenodo:7074291|OmniPath:2026-08-15|CollecTRI:2026-08-15|CytoSig:2026-08-15
RTN4,S2,ROBUST_BASELINE_SENDER,P2_EXTRACELLULAR_EXTENDED,NO_CLEAR_LICENSING_EFFECT,TIER_B_COMPATIBILITY_CANDIDATE,0,2,1,4,3,0,0,NO,,,PROGRAM_MODULE_05;PROGRAM_MODULE_07,COMPUTATIONAL_HIERARCHY_NOT_THERAPEUTIC_PROOF,tier then ligand symbol; S1 is not ranked above S2,config/phase4a_analysis.json|NicheNet:Zenodo:7074291|OmniPath:2026-08-15|CollecTRI:2026-08-15|CytoSig:2026-08-15
S100A4,S2,ROBUST_BASELINE_SENDER,P1_PARACRINE_CORE,NO_CLEAR_LICENSING_EFFECT,TIER_B_COMPATIBILITY_CANDIDATE,0,4,1,6,5,0,0,NO,,,PROGRAM_MODULE_01;PROGRAM_MODULE_04;PROGRAM_MODULE_05;PROGRAM_MODULE_07,COMPUTATIONAL_HIERARCHY_NOT_THERAPEUTIC_PROOF,tier then ligand symbol; S1 is not ranked above S2,config/phase4a_analysis.json|NicheNet:Zenodo:7074291|OmniPath:2026-08-15|CollecTRI:2026-08-15|CytoSig:2026-08-15
SARAF,S2,ROBUST_BASELINE_SENDER,P3_FULL_LR_SENSITIVITY,PASSAGE_DEPENDENT,TIER_B_COMPATIBILITY_CANDIDATE,0,4,1,6,5,0,0,NO,,,PROGRAM_MODULE_01;PROGRAM_MODULE_04;PROGRAM_MODULE_05;PROGRAM_MODULE_07,COMPUTATIONAL_HIERARCHY_NOT_THERAPEUTIC_PROOF,tier then ligand symbol; S1 is not ranked above S2,config/phase4a_analysis.json|NicheNet:Zenodo:7074291|OmniPath:2026-08-15|CollecTRI:2026-08-15|CytoSig:2026-08-15
SDC2,S1,ROBUST_BASELINE_SENDER,P2_EXTRACELLULAR_EXTENDED,LICENSING_CONSISTENT_DOWN,TIER_B_COMPATIBILITY_CANDIDATE,0,3,2,6,5,1,2,YES,PROGRAM_MODULE_06;PROGRAM_MODULE_10,,PROGRAM_MODULE_04;PROGRAM_MODULE_05;PROGRAM_MODULE_07,COMPUTATIONAL_HIERARCHY_NOT_THERAPEUTIC_PROOF,tier then ligand symbol; S1 is not ranked above S2,config/phase4a_analysis.json|NicheNet:Zenodo:7074291|OmniPath:2026-08-15|CollecTRI:2026-08-15|CytoSig:2026-08-15
SDC4,S2,ROBUST_BASELINE_SENDER,P1_PARACRINE_CORE,DONOR_DEPENDENT,TIER_B_COMPATIBILITY_CANDIDATE,0,2,1,4,3,0,0,NO,,,PROGRAM_MODULE_05;PROGRAM_MODULE_07,COMPUTATIONAL_HIERARCHY_NOT_THERAPEUTIC_PROOF,tier then ligand symbol; S1 is not ranked above S2,config/phase4a_analysis.json|NicheNet:Zenodo:7074291|OmniPath:2026-08-15|CollecTRI:2026-08-15|CytoSig:2026-08-15
SEMA3C,S2,ROBUST_BASELINE_SENDER,P1_PARACRINE_CORE,PASSAGE_DEPENDENT,TIER_B_COMPATIBILITY_CANDIDATE,0,4,1,6,5,0,0,NO,,,PROGRAM_MODULE_01;PROGRAM_MODULE_04;PROGRAM_MODULE_05;PROGRAM_MODULE_07,COMPUTATIONAL_HIERARCHY_NOT_THERAPEUTIC_PROOF,tier then ligand symbol; S1 is not ranked above S2,config/phase4a_analysis.json|NicheNet:Zenodo:7074291|OmniPath:2026-08-15|CollecTRI:2026-08-15|CytoSig:2026-08-15
SEMA5A,S2,ROBUST_BASELINE_SENDER,P2_EXTRACELLULAR_EXTENDED,DONOR_DEPENDENT,TIER_B_COMPATIBILITY_CANDIDATE,0,3,2,6,5,2,1,YES,PROGRAM_MODULE_10,,PROGRAM_MODULE_01;PROGRAM_MODULE_04;PROGRAM_MODULE_05,COMPUTATIONAL_HIERARCHY_NOT_THERAPEUTIC_PROOF,tier then ligand symbol; S1 is not ranked above S2,config/phase4a_analysis.json|NicheNet:Zenodo:7074291|OmniPath:2026-08-15|CollecTRI:2026-08-15|CytoSig:2026-08-15
SERPINE2,S2,ROBUST_BASELINE_SENDER,P1_PARACRINE_CORE,PASSAGE_DEPENDENT,TIER_B_COMPATIBILITY_CANDIDATE,0,1,1,6,5,0,5,NO,PROGRAM_MODULE_01;PROGRAM_MODULE_05;PROGRAM_MODULE_06;PROGRAM_MODULE_07;PROGRAM_MODULE_10,,PROGRAM_MODULE_04,COMPUTATIONAL_HIERARCHY_NOT_THERAPEUTIC_PROOF,tier then ligand symbol; S1 is not ranked above S2,config/phase4a_analysis.json|NicheNet:Zenodo:7074291|OmniPath:2026-08-15|CollecTRI:2026-08-15|CytoSig:2026-08-15
SHISA4,S2,ROBUST_BASELINE_SENDER,P3_FULL_LR_SENSITIVITY,PASSAGE_DEPENDENT,TIER_B_COMPATIBILITY_CANDIDATE,0,4,1,5,5,0,0,NO,,,PROGRAM_MODULE_01;PROGRAM_MODULE_04;PROGRAM_MODULE_05;PROGRAM_MODULE_07,COMPUTATIONAL_HIERARCHY_NOT_THERAPEUTIC_PROOF,tier then ligand symbol; S1 is not ranked above S2,config/phase4a_analysis.json|NicheNet:Zenodo:7074291|OmniPath:2026-08-15|CollecTRI:2026-08-15|CytoSig:2026-08-15
SIRPA,S2,ROBUST_BASELINE_SENDER,P2_EXTRACELLULAR_EXTENDED,NO_CLEAR_LICENSING_EFFECT,TIER_B_COMPATIBILITY_CANDIDATE,0,4,1,6,5,0,0,NO,,,PROGRAM_MODULE_01;PROGRAM_MODULE_04;PROGRAM_MODULE_05;PROGRAM_MODULE_07,COMPUTATIONAL_HIERARCHY_NOT_THERAPEUTIC_PROOF,tier then ligand symbol; S1 is not ranked above S2,config/phase4a_analysis.json|NicheNet:Zenodo:7074291|OmniPath:2026-08-15|CollecTRI:2026-08-15|CytoSig:2026-08-15
SPARC,S2,ROBUST_BASELINE_SENDER,P1_PARACRINE_CORE,DONOR_DEPENDENT,TIER_B_COMPATIBILITY_CANDIDATE,0,4,1,6,5,0,0,NO,,,PROGRAM_MODULE_01;PROGRAM_MODULE_04;PROGRAM_MODULE_05;PROGRAM_MODULE_07,COMPUTATIONAL_HIERARCHY_NOT_THERAPEUTIC_PROOF,tier then ligand symbol; S1 is not ranked above S2,config/phase4a_analysis.json|NicheNet:Zenodo:7074291|OmniPath:2026-08-15|CollecTRI:2026-08-15|CytoSig:2026-08-15
SPON2,S1,ROBUST_BASELINE_SENDER,P1_PARACRINE_CORE,LICENSING_CONSISTENT_DOWN,TIER_B_COMPATIBILITY_CANDIDATE,0,4,1,6,5,0,0,NO,,,PROGRAM_MODULE_01;PROGRAM_MODULE_04;PROGRAM_MODULE_05;PROGRAM_MODULE_07,COMPUTATIONAL_HIERARCHY_NOT_THERAPEUTIC_PROOF,tier then ligand symbol; S1 is not ranked above S2,config/phase4a_analysis.json|NicheNet:Zenodo:7074291|OmniPath:2026-08-15|CollecTRI:2026-08-15|CytoSig:2026-08-15
TCTN1,S1,ROBUST_BASELINE_SENDER,P1_PARACRINE_CORE,LICENSING_CONSISTENT_DOWN,TIER_B_COMPATIBILITY_CANDIDATE,0,4,1,6,5,0,0,NO,,,PROGRAM_MODULE_01;PROGRAM_MODULE_04;PROGRAM_MODULE_05;PROGRAM_MODULE_07,COMPUTATIONAL_HIERARCHY_NOT_THERAPEUTIC_PROOF,tier then ligand symbol; S1 is not ranked above S2,config/phase4a_analysis.json|NicheNet:Zenodo:7074291|OmniPath:2026-08-15|CollecTRI:2026-08-15|CytoSig:2026-08-15
TFPI,S2,ROBUST_BASELINE_SENDER,P1_PARACRINE_CORE,PASSAGE_DEPENDENT,TIER_B_COMPATIBILITY_CANDIDATE,0,1,1,6,5,0,5,NO,PROGRAM_MODULE_01;PROGRAM_MODULE_05;PROGRAM_MODULE_06;PROGRAM_MODULE_07;PROGRAM_MODULE_10,,PROGRAM_MODULE_04,COMPUTATIONAL_HIERARCHY_NOT_THERAPEUTIC_PROOF,tier then ligand symbol; S1 is not ranked above S2,config/phase4a_analysis.json|NicheNet:Zenodo:7074291|OmniPath:2026-08-15|CollecTRI:2026-08-15|CytoSig:2026-08-15
TGFBI,S2,ROBUST_BASELINE_SENDER,P1_PARACRINE_CORE,PASSAGE_DEPENDENT,TIER_B_COMPATIBILITY_CANDIDATE,0,4,1,6,5,0,0,NO,,,PROGRAM_MODULE_01;PROGRAM_MODULE_04;PROGRAM_MODULE_05;PROGRAM_MODULE_07,COMPUTATIONAL_HIERARCHY_NOT_THERAPEUTIC_PROOF,tier then ligand symbol; S1 is not ranked above S2,config/phase4a_analysis.json|NicheNet:Zenodo:7074291|OmniPath:2026-08-15|CollecTRI:2026-08-15|CytoSig:2026-08-15
TGM2,S2,ROBUST_BASELINE_SENDER,P1_PARACRINE_CORE,NO_CLEAR_LICENSING_EFFECT,TIER_B_COMPATIBILITY_CANDIDATE,0,2,1,6,5,1,2,YES,PROGRAM_MODULE_01;PROGRAM_MODULE_04,,PROGRAM_MODULE_05;PROGRAM_MODULE_07,COMPUTATIONAL_HIERARCHY_NOT_THERAPEUTIC_PROOF,tier then ligand symbol; S1 is not ranked above S2,config/phase4a_analysis.json|NicheNet:Zenodo:7074291|OmniPath:2026-08-15|CollecTRI:2026-08-15|CytoSig:2026-08-15
TGOLN2,S2,ROBUST_BASELINE_SENDER,P3_FULL_LR_SENSITIVITY,NO_CLEAR_LICENSING_EFFECT,TIER_B_COMPATIBILITY_CANDIDATE,0,4,1,5,5,0,0,NO,,,PROGRAM_MODULE_01;PROGRAM_MODULE_04;PROGRAM_MODULE_05;PROGRAM_MODULE_07,COMPUTATIONAL_HIERARCHY_NOT_THERAPEUTIC_PROOF,tier then ligand symbol; S1 is not ranked above S2,config/phase4a_analysis.json|NicheNet:Zenodo:7074291|OmniPath:2026-08-15|CollecTRI:2026-08-15|CytoSig:2026-08-15
THY1,S2,ROBUST_BASELINE_SENDER,P2_EXTRACELLULAR_EXTENDED,PASSAGE_DEPENDENT,TIER_B_COMPATIBILITY_CANDIDATE,0,4,1,6,5,0,0,NO,,,PROGRAM_MODULE_01;PROGRAM_MODULE_04;PROGRAM_MODULE_05;PROGRAM_MODULE_07,COMPUTATIONAL_HIERARCHY_NOT_THERAPEUTIC_PROOF,tier then ligand symbol; S1 is not ranked above S2,config/phase4a_analysis.json|NicheNet:Zenodo:7074291|OmniPath:2026-08-15|CollecTRI:2026-08-15|CytoSig:2026-08-15
TNFSF12,S2,ROBUST_BASELINE_SENDER,P1_PARACRINE_CORE,NO_CLEAR_LICENSING_EFFECT,TIER_B_COMPATIBILITY_CANDIDATE,0,4,1,6,5,0,0,NO,,,PROGRAM_MODULE_01;PROGRAM_MODULE_04;PROGRAM_MODULE_05;PROGRAM_MODULE_07,COMPUTATIONAL_HIERARCHY_NOT_THERAPEUTIC_PROOF,tier then ligand symbol; S1 is not ranked above S2,config/phase4a_analysis.json|NicheNet:Zenodo:7074291|OmniPath:2026-08-15|CollecTRI:2026-08-15|CytoSig:2026-08-15
TSPAN3,S2,ROBUST_BASELINE_SENDER,P3_FULL_LR_SENSITIVITY,NO_CLEAR_LICENSING_EFFECT,TIER_B_COMPATIBILITY_CANDIDATE,0,4,1,6,5,0,0,NO,,,PROGRAM_MODULE_01;PROGRAM_MODULE_04;PROGRAM_MODULE_05;PROGRAM_MODULE_07,COMPUTATIONAL_HIERARCHY_NOT_THERAPEUTIC_PROOF,tier then ligand symbol; S1 is not ranked above S2,config/phase4a_analysis.json|NicheNet:Zenodo:7074291|OmniPath:2026-08-15|CollecTRI:2026-08-15|CytoSig:2026-08-15
TSPAN5,S1,ROBUST_BASELINE_SENDER,P2_EXTRACELLULAR_EXTENDED,LICENSING_CONSISTENT_DOWN,TIER_B_COMPATIBILITY_CANDIDATE,0,1,1,3,2,0,0,NO,,,PROGRAM_MODULE_07,COMPUTATIONAL_HIERARCHY_NOT_THERAPEUTIC_PROOF,tier then ligand symbol; S1 is not ranked above S2,config/phase4a_analysis.json|NicheNet:Zenodo:7074291|OmniPath:2026-08-15|CollecTRI:2026-08-15|CytoSig:2026-08-15
ULBP2,S2,ROBUST_BASELINE_SENDER,P1_PARACRINE_CORE,PASSAGE_DEPENDENT,TIER_B_COMPATIBILITY_CANDIDATE,0,3,0,3,3,0,0,NO,,,PROGRAM_MODULE_01;PROGRAM_MODULE_04;PROGRAM_MODULE_05,COMPUTATIONAL_HIERARCHY_NOT_THERAPEUTIC_PROOF,tier then ligand symbol; S1 is not ranked above S2,config/phase4a_analysis.json|NicheNet:Zenodo:7074291|OmniPath:2026-08-15|CollecTRI:2026-08-15|CytoSig:2026-08-15
VCAN,S2,ROBUST_BASELINE_SENDER,P1_PARACRINE_CORE,PASSAGE_DEPENDENT,TIER_B_COMPATIBILITY_CANDIDATE,0,4,1,6,5,0,0,NO,,,PROGRAM_MODULE_01;PROGRAM_MODULE_04;PROGRAM_MODULE_05;PROGRAM_MODULE_07,COMPUTATIONAL_HIERARCHY_NOT_THERAPEUTIC_PROOF,tier then ligand symbol; S1 is not ranked above S2,config/phase4a_analysis.json|NicheNet:Zenodo:7074291|OmniPath:2026-08-15|CollecTRI:2026-08-15|CytoSig:2026-08-15
VEGFC,S1,ROBUST_BASELINE_SENDER,P1_PARACRINE_CORE,LICENSING_CONSISTENT_UP,TIER_B_COMPATIBILITY_CANDIDATE,0,4,1,6,5,0,0,NO,,,PROGRAM_MODULE_01;PROGRAM_MODULE_04;PROGRAM_MODULE_05;PROGRAM_MODULE_07,COMPUTATIONAL_HIERARCHY_NOT_THERAPEUTIC_PROOF,tier then ligand symbol; S1 is not ranked above S2,config/phase4a_analysis.json|NicheNet:Zenodo:7074291|OmniPath:2026-08-15|CollecTRI:2026-08-15|CytoSig:2026-08-15
VSIG10,S2,ROBUST_BASELINE_SENDER,P3_FULL_LR_SENSITIVITY,NO_CLEAR_LICENSING_EFFECT,TIER_B_COMPATIBILITY_CANDIDATE,0,4,1,6,5,0,0,NO,,,PROGRAM_MODULE_01;PROGRAM_MODULE_04;PROGRAM_MODULE_05;PROGRAM_MODULE_07,COMPUTATIONAL_HIERARCHY_NOT_THERAPEUTIC_PROOF,tier then ligand symbol; S1 is not ranked above S2,config/phase4a_analysis.json|NicheNet:Zenodo:7074291|OmniPath:2026-08-15|CollecTRI:2026-08-15|CytoSig:2026-08-15
ADAM12,S1,ROBUST_BASELINE_SENDER,P1_PARACRINE_CORE,LICENSING_CONSISTENT_UP,TIER_C_EXTENDED_EXTRACELLULAR,0,0,1,6,5,1,5,YES,PROGRAM_MODULE_01;PROGRAM_MODULE_04;PROGRAM_MODULE_05;PROGRAM_MODULE_06;PROGRAM_MODULE_07,,,COMPUTATIONAL_HIERARCHY_NOT_THERAPEUTIC_PROOF,tier then ligand symbol; S1 is not ranked above S2,config/phase4a_analysis.json|NicheNet:Zenodo:7074291|OmniPath:2026-08-15|CollecTRI:2026-08-15|CytoSig:2026-08-15
ADAM15,S2,ROBUST_BASELINE_SENDER,P2_EXTRACELLULAR_EXTENDED,PASSAGE_DEPENDENT,TIER_C_EXTENDED_EXTRACELLULAR,0,0,5,6,5,2,4,YES,PROGRAM_MODULE_01;PROGRAM_MODULE_04;PROGRAM_MODULE_05;PROGRAM_MODULE_06,,,COMPUTATIONAL_HIERARCHY_NOT_THERAPEUTIC_PROOF,tier then ligand symbol; S1 is not ranked above S2,config/phase4a_analysis.json|NicheNet:Zenodo:7074291|OmniPath:2026-08-15|CollecTRI:2026-08-15|CytoSig:2026-08-15
ADAM9,S2,ROBUST_BASELINE_SENDER,P1_PARACRINE_CORE,NO_CLEAR_LICENSING_EFFECT,TIER_C_EXTENDED_EXTRACELLULAR,0,0,1,6,5,0,6,NO,PROGRAM_MODULE_01;PROGRAM_MODULE_04;PROGRAM_MODULE_05;PROGRAM_MODULE_06;PROGRAM_MODULE_07;PROGRAM_MODULE_10,,,COMPUTATIONAL_HIERARCHY_NOT_THERAPEUTIC_PROOF,tier then ligand symbol; S1 is not ranked above S2,config/phase4a_analysis.json|NicheNet:Zenodo:7074291|OmniPath:2026-08-15|CollecTRI:2026-08-15|CytoSig:2026-08-15
BACE1,S2,ROBUST_BASELINE_SENDER,P2_EXTRACELLULAR_EXTENDED,NO_CLEAR_LICENSING_EFFECT,TIER_C_EXTENDED_EXTRACELLULAR,0,0,5,6,5,0,6,NO,PROGRAM_MODULE_01;PROGRAM_MODULE_04;PROGRAM_MODULE_05;PROGRAM_MODULE_06;PROGRAM_MODULE_07;PROGRAM_MODULE_10,,,COMPUTATIONAL_HIERARCHY_NOT_THERAPEUTIC_PROOF,tier then ligand symbol; S1 is not ranked above S2,config/phase4a_analysis.json|NicheNet:Zenodo:7074291|OmniPath:2026-08-15|CollecTRI:2026-08-15|CytoSig:2026-08-15
BACE2,S2,ROBUST_BASELINE_SENDER,P2_EXTRACELLULAR_EXTENDED,NO_CLEAR_LICENSING_EFFECT,TIER_C_EXTENDED_EXTRACELLULAR,0,0,5,6,5,0,6,NO,PROGRAM_MODULE_01;PROGRAM_MODULE_04;PROGRAM_MODULE_05;PROGRAM_MODULE_06;PROGRAM_MODULE_07;PROGRAM_MODULE_10,,,COMPUTATIONAL_HIERARCHY_NOT_THERAPEUTIC_PROOF,tier then ligand symbol; S1 is not ranked above S2,config/phase4a_analysis.json|NicheNet:Zenodo:7074291|OmniPath:2026-08-15|CollecTRI:2026-08-15|CytoSig:2026-08-15
CD82,S1,ROBUST_BASELINE_SENDER,P2_EXTRACELLULAR_EXTENDED,LICENSING_CONSISTENT_UP,TIER_C_EXTENDED_EXTRACELLULAR,0,0,3,3,3,0,3,NO,PROGRAM_MODULE_01;PROGRAM_MODULE_04;PROGRAM_MODULE_05,,,COMPUTATIONAL_HIERARCHY_NOT_THERAPEUTIC_PROOF,tier then ligand symbol; S1 is not ranked above S2,config/phase4a_analysis.json|NicheNet:Zenodo:7074291|OmniPath:2026-08-15|CollecTRI:2026-08-15|CytoSig:2026-08-15
CDH2,S2,ROBUST_BASELINE_SENDER,P3_FULL_LR_SENSITIVITY,NO_CLEAR_LICENSING_EFFECT,TIER_C_EXTENDED_EXTRACELLULAR,0,0,2,2,2,0,2,NO,PROGRAM_MODULE_06;PROGRAM_MODULE_07,,,COMPUTATIONAL_HIERARCHY_NOT_THERAPEUTIC_PROOF,tier then ligand symbol; S1 is not ranked above S2,config/phase4a_analysis.json|NicheNet:Zenodo:7074291|OmniPath:2026-08-15|CollecTRI:2026-08-15|CytoSig:2026-08-15
COL1A1,S1,ROBUST_BASELINE_SENDER,P1_PARACRINE_CORE,LICENSING_CONSISTENT_DOWN,TIER_C_EXTENDED_EXTRACELLULAR,0,0,1,6,5,1,5,YES,PROGRAM_MODULE_01;PROGRAM_MODULE_04;PROGRAM_MODULE_05;PROGRAM_MODULE_06;PROGRAM_MODULE_07,,,COMPUTATIONAL_HIERARCHY_NOT_THERAPEUTIC_PROOF,tier then ligand symbol; S1 is not ranked above S2,config/phase4a_analysis.json|NicheNet:Zenodo:7074291|OmniPath:2026-08-15|CollecTRI:2026-08-15|CytoSig:2026-08-15
COL4A1,S2,ROBUST_BASELINE_SENDER,P1_PARACRINE_CORE,DONOR_DEPENDENT,TIER_C_EXTENDED_EXTRACELLULAR,0,0,1,6,5,0,6,NO,PROGRAM_MODULE_01;PROGRAM_MODULE_04;PROGRAM_MODULE_05;PROGRAM_MODULE_06;PROGRAM_MODULE_07;PROGRAM_MODULE_10,,,COMPUTATIONAL_HIERARCHY_NOT_THERAPEUTIC_PROOF,tier then ligand symbol; S1 is not ranked above S2,config/phase4a_analysis.json|NicheNet:Zenodo:7074291|OmniPath:2026-08-15|CollecTRI:2026-08-15|CytoSig:2026-08-15
COL5A1,S2,ROBUST_BASELINE_SENDER,P1_PARACRINE_CORE,PASSAGE_DEPENDENT,TIER_C_EXTENDED_EXTRACELLULAR,0,0,1,6,5,0,6,NO,PROGRAM_MODULE_01;PROGRAM_MODULE_04;PROGRAM_MODULE_05;PROGRAM_MODULE_06;PROGRAM_MODULE_07;PROGRAM_MODULE_10,,,COMPUTATIONAL_HIERARCHY_NOT_THERAPEUTIC_PROOF,tier then ligand symbol; S1 is not ranked above S2,config/phase4a_analysis.json|NicheNet:Zenodo:7074291|OmniPath:2026-08-15|CollecTRI:2026-08-15|CytoSig:2026-08-15
COL6A1,S2,ROBUST_BASELINE_SENDER,P1_PARACRINE_CORE,NO_CLEAR_LICENSING_EFFECT,TIER_C_EXTENDED_EXTRACELLULAR,0,0,1,6,5,0,6,NO,PROGRAM_MODULE_01;PROGRAM_MODULE_04;PROGRAM_MODULE_05;PROGRAM_MODULE_06;PROGRAM_MODULE_07;PROGRAM_MODULE_10,,,COMPUTATIONAL_HIERARCHY_NOT_THERAPEUTIC_PROOF,tier then ligand symbol; S1 is not ranked above S2,config/phase4a_analysis.json|NicheNet:Zenodo:7074291|OmniPath:2026-08-15|CollecTRI:2026-08-15|CytoSig:2026-08-15
CSF1,S2,ROBUST_BASELINE_SENDER,P1_PARACRINE_CORE,PASSAGE_DEPENDENT,TIER_C_EXTENDED_EXTRACELLULAR,0,0,1,6,5,0,6,NO,PROGRAM_MODULE_01;PROGRAM_MODULE_04;PROGRAM_MODULE_05;PROGRAM_MODULE_06;PROGRAM_MODULE_07;PROGRAM_MODULE_10,,,COMPUTATIONAL_HIERARCHY_NOT_THERAPEUTIC_PROOF,tier then ligand symbol; S1 is not ranked above S2,config/phase4a_analysis.json|NicheNet:Zenodo:7074291|OmniPath:2026-08-15|CollecTRI:2026-08-15|CytoSig:2026-08-15
EFNA4,S2,ROBUST_BASELINE_SENDER,P1_PARACRINE_CORE,PASSAGE_DEPENDENT,TIER_C_EXTENDED_EXTRACELLULAR,0,0,1,3,2,1,2,YES,PROGRAM_MODULE_06;PROGRAM_MODULE_07,,,COMPUTATIONAL_HIERARCHY_NOT_THERAPEUTIC_PROOF,tier then ligand symbol; S1 is not ranked above S2,config/phase4a_analysis.json|NicheNet:Zenodo:7074291|OmniPath:2026-08-15|CollecTRI:2026-08-15|CytoSig:2026-08-15
FGF2,S1,ROBUST_BASELINE_SENDER,P1_PARACRINE_CORE,LICENSING_CONSISTENT_UP,TIER_C_EXTENDED_EXTRACELLULAR,0,0,1,6,5,1,5,YES,PROGRAM_MODULE_01;PROGRAM_MODULE_04;PROGRAM_MODULE_05;PROGRAM_MODULE_06;PROGRAM_MODULE_07,,,COMPUTATIONAL_HIERARCHY_NOT_THERAPEUTIC_PROOF,tier then ligand symbol; S1 is not ranked above S2,config/phase4a_analysis.json|NicheNet:Zenodo:7074291|OmniPath:2026-08-15|CollecTRI:2026-08-15|CytoSig:2026-08-15
FN1,S2,ROBUST_BASELINE_SENDER,P1_PARACRINE_CORE,NO_CLEAR_LICENSING_EFFECT,TIER_C_EXTENDED_EXTRACELLULAR,0,0,1,6,5,1,5,YES,PROGRAM_MODULE_01;PROGRAM_MODULE_04;PROGRAM_MODULE_05;PROGRAM_MODULE_06;PROGRAM_MODULE_07,,,COMPUTATIONAL_HIERARCHY_NOT_THERAPEUTIC_PROOF,tier then ligand symbol; S1 is not ranked above S2,config/phase4a_analysis.json|NicheNet:Zenodo:7074291|OmniPath:2026-08-15|CollecTRI:2026-08-15|CytoSig:2026-08-15
GAS6,S2,ROBUST_BASELINE_SENDER,P1_PARACRINE_CORE,PASSAGE_DEPENDENT,TIER_C_EXTENDED_EXTRACELLULAR,0,0,1,6,5,0,6,NO,PROGRAM_MODULE_01;PROGRAM_MODULE_04;PROGRAM_MODULE_05;PROGRAM_MODULE_06;PROGRAM_MODULE_07;PROGRAM_MODULE_10,,,COMPUTATIONAL_HIERARCHY_NOT_THERAPEUTIC_PROOF,tier then ligand symbol; S1 is not ranked above S2,config/phase4a_analysis.json|NicheNet:Zenodo:7074291|OmniPath:2026-08-15|CollecTRI:2026-08-15|CytoSig:2026-08-15
GDF15,S2,ROBUST_BASELINE_SENDER,P1_PARACRINE_CORE,DONOR_DEPENDENT,TIER_C_EXTENDED_EXTRACELLULAR,0,0,1,3,2,0,3,NO,PROGRAM_MODULE_06;PROGRAM_MODULE_07;PROGRAM_MODULE_10,,,COMPUTATIONAL_HIERARCHY_NOT_THERAPEUTIC_PROOF,tier then ligand symbol; S1 is not ranked above S2,config/phase4a_analysis.json|NicheNet:Zenodo:7074291|OmniPath:2026-08-15|CollecTRI:2026-08-15|CytoSig:2026-08-15
ICAM3,S2,ROBUST_BASELINE_SENDER,P2_EXTRACELLULAR_EXTENDED,NO_CLEAR_LICENSING_EFFECT,TIER_C_EXTENDED_EXTRACELLULAR,0,0,3,3,3,0,3,NO,PROGRAM_MODULE_01;PROGRAM_MODULE_04;PROGRAM_MODULE_05,,,COMPUTATIONAL_HIERARCHY_NOT_THERAPEUTIC_PROOF,tier then ligand symbol; S1 is not ranked above S2,config/phase4a_analysis.json|NicheNet:Zenodo:7074291|OmniPath:2026-08-15|CollecTRI:2026-08-15|CytoSig:2026-08-15
ITGA4,S2,ROBUST_BASELINE_SENDER,P2_EXTRACELLULAR_EXTENDED,PASSAGE_DEPENDENT,TIER_C_EXTENDED_EXTRACELLULAR,0,0,2,2,2,0,2,NO,PROGRAM_MODULE_06;PROGRAM_MODULE_07,,,COMPUTATIONAL_HIERARCHY_NOT_THERAPEUTIC_PROOF,tier then ligand symbol; S1 is not ranked above S2,config/phase4a_analysis.json|NicheNet:Zenodo:7074291|OmniPath:2026-08-15|CollecTRI:2026-08-15|CytoSig:2026-08-15
ITGB1,S2,ROBUST_BASELINE_SENDER,P2_EXTRACELLULAR_EXTENDED,NO_CLEAR_LICENSING_EFFECT,TIER_C_EXTENDED_EXTRACELLULAR,0,0,2,2,2,0,2,NO,PROGRAM_MODULE_06;PROGRAM_MODULE_07,,,COMPUTATIONAL_HIERARCHY_NOT_THERAPEUTIC_PROOF,tier then ligand symbol; S1 is not ranked above S2,config/phase4a_analysis.json|NicheNet:Zenodo:7074291|OmniPath:2026-08-15|CollecTRI:2026-08-15|CytoSig:2026-08-15
LAMB1,S1,ROBUST_BASELINE_SENDER,P1_PARACRINE_CORE,LICENSING_CONSISTENT_DOWN,TIER_C_EXTENDED_EXTRACELLULAR,0,0,1,6,5,1,5,YES,PROGRAM_MODULE_01;PROGRAM_MODULE_04;PROGRAM_MODULE_05;PROGRAM_MODULE_06;PROGRAM_MODULE_07,,,COMPUTATIONAL_HIERARCHY_NOT_THERAPEUTIC_PROOF,tier then ligand symbol; S1 is not ranked above S2,config/phase4a_analysis.json|NicheNet:Zenodo:7074291|OmniPath:2026-08-15|CollecTRI:2026-08-15|CytoSig:2026-08-15
LAMB2,S2,ROBUST_BASELINE_SENDER,P1_PARACRINE_CORE,PASSAGE_DEPENDENT,TIER_C_EXTENDED_EXTRACELLULAR,0,0,1,6,5,1,5,YES,PROGRAM_MODULE_01;PROGRAM_MODULE_04;PROGRAM_MODULE_05;PROGRAM_MODULE_06;PROGRAM_MODULE_07,,,COMPUTATIONAL_HIERARCHY_NOT_THERAPEUTIC_PROOF,tier then ligand symbol; S1 is not ranked above S2,config/phase4a_analysis.json|NicheNet:Zenodo:7074291|OmniPath:2026-08-15|CollecTRI:2026-08-15|CytoSig:2026-08-15
LAMC1,S2,ROBUST_BASELINE_SENDER,P1_PARACRINE_CORE,NO_CLEAR_LICENSING_EFFECT,TIER_C_EXTENDED_EXTRACELLULAR,0,0,1,6,5,1,5,YES,PROGRAM_MODULE_01;PROGRAM_MODULE_04;PROGRAM_MODULE_05;PROGRAM_MODULE_06;PROGRAM_MODULE_07,,,COMPUTATIONAL_HIERARCHY_NOT_THERAPEUTIC_PROOF,tier then ligand symbol; S1 is not ranked above S2,config/phase4a_analysis.json|NicheNet:Zenodo:7074291|OmniPath:2026-08-15|CollecTRI:2026-08-15|CytoSig:2026-08-15
MMP2,S2,ROBUST_BASELINE_SENDER,P1_PARACRINE_CORE,PASSAGE_DEPENDENT,TIER_C_EXTENDED_EXTRACELLULAR,0,0,1,6,5,0,6,NO,PROGRAM_MODULE_01;PROGRAM_MODULE_04;PROGRAM_MODULE_05;PROGRAM_MODULE_06;PROGRAM_MODULE_07;PROGRAM_MODULE_10,,,COMPUTATIONAL_HIERARCHY_NOT_THERAPEUTIC_PROOF,tier then ligand symbol; S1 is not ranked above S2,config/phase4a_analysis.json|NicheNet:Zenodo:7074291|OmniPath:2026-08-15|CollecTRI:2026-08-15|CytoSig:2026-08-15
PDGFC,S1,ROBUST_BASELINE_SENDER,P1_PARACRINE_CORE,LICENSING_CONSISTENT_DOWN,TIER_C_EXTENDED_EXTRACELLULAR,0,0,1,6,5,0,6,NO,PROGRAM_MODULE_01;PROGRAM_MODULE_04;PROGRAM_MODULE_05;PROGRAM_MODULE_06;PROGRAM_MODULE_07;PROGRAM_MODULE_10,,,COMPUTATIONAL_HIERARCHY_NOT_THERAPEUTIC_PROOF,tier then ligand symbol; S1 is not ranked above S2,config/phase4a_analysis.json|NicheNet:Zenodo:7074291|OmniPath:2026-08-15|CollecTRI:2026-08-15|CytoSig:2026-08-15
RECK,S2,ROBUST_BASELINE_SENDER,P2_EXTRACELLULAR_EXTENDED,NO_CLEAR_LICENSING_EFFECT,TIER_C_EXTENDED_EXTRACELLULAR,0,0,3,3,3,3,0,NO,,,,COMPUTATIONAL_HIERARCHY_NOT_THERAPEUTIC_PROOF,tier then ligand symbol; S1 is not ranked above S2,config/phase4a_analysis.json|NicheNet:Zenodo:7074291|OmniPath:2026-08-15|CollecTRI:2026-08-15|CytoSig:2026-08-15
SLIT2,S1,ROBUST_BASELINE_SENDER,P1_PARACRINE_CORE,LICENSING_CONSISTENT_UP,TIER_C_EXTENDED_EXTRACELLULAR,0,0,1,3,2,0,2,NO,PROGRAM_MODULE_06;PROGRAM_MODULE_07,,,COMPUTATIONAL_HIERARCHY_NOT_THERAPEUTIC_PROOF,tier then ligand symbol; S1 is not ranked above S2,config/phase4a_analysis.json|NicheNet:Zenodo:7074291|OmniPath:2026-08-15|CollecTRI:2026-08-15|CytoSig:2026-08-15
TGFB1,S2,ROBUST_BASELINE_SENDER,P1_PARACRINE_CORE,PASSAGE_DEPENDENT,TIER_C_EXTENDED_EXTRACELLULAR,0,0,1,6,5,0,6,NO,PROGRAM_MODULE_01;PROGRAM_MODULE_04;PROGRAM_MODULE_05;PROGRAM_MODULE_06;PROGRAM_MODULE_07;PROGRAM_MODULE_10,,,COMPUTATIONAL_HIERARCHY_NOT_THERAPEUTIC_PROOF,tier then ligand symbol; S1 is not ranked above S2,config/phase4a_analysis.json|NicheNet:Zenodo:7074291|OmniPath:2026-08-15|CollecTRI:2026-08-15|CytoSig:2026-08-15
THBS2,S1,ROBUST_BASELINE_SENDER,P1_PARACRINE_CORE,LICENSING_CONSISTENT_DOWN,TIER_C_EXTENDED_EXTRACELLULAR,0,0,1,6,5,0,6,NO,PROGRAM_MODULE_01;PROGRAM_MODULE_04;PROGRAM_MODULE_05;PROGRAM_MODULE_06;PROGRAM_MODULE_07;PROGRAM_MODULE_10,,,COMPUTATIONAL_HIERARCHY_NOT_THERAPEUTIC_PROOF,tier then ligand symbol; S1 is not ranked above S2,config/phase4a_analysis.json|NicheNet:Zenodo:7074291|OmniPath:2026-08-15|CollecTRI:2026-08-15|CytoSig:2026-08-15
VEGFA,S2,ROBUST_BASELINE_SENDER,P1_PARACRINE_CORE,PASSAGE_DEPENDENT,TIER_C_EXTENDED_EXTRACELLULAR,0,0,1,6,5,0,6,NO,PROGRAM_MODULE_01;PROGRAM_MODULE_04;PROGRAM_MODULE_05;PROGRAM_MODULE_06;PROGRAM_MODULE_07;PROGRAM_MODULE_10,,,COMPUTATIONAL_HIERARCHY_NOT_THERAPEUTIC_PROOF,tier then ligand symbol; S1 is not ranked above S2,config/phase4a_analysis.json|NicheNet:Zenodo:7074291|OmniPath:2026-08-15|CollecTRI:2026-08-15|CytoSig:2026-08-15
VEGFB,S2,ROBUST_BASELINE_SENDER,P1_PARACRINE_CORE,NO_CLEAR_LICENSING_EFFECT,TIER_C_EXTENDED_EXTRACELLULAR,0,0,1,6,5,0,6,NO,PROGRAM_MODULE_01;PROGRAM_MODULE_04;PROGRAM_MODULE_05;PROGRAM_MODULE_06;PROGRAM_MODULE_07;PROGRAM_MODULE_10,,,COMPUTATIONAL_HIERARCHY_NOT_THERAPEUTIC_PROOF,tier then ligand symbol; S1 is not ranked above S2,config/phase4a_analysis.json|NicheNet:Zenodo:7074291|OmniPath:2026-08-15|CollecTRI:2026-08-15|CytoSig:2026-08-15
ZDHHC5,S2,ROBUST_BASELINE_SENDER,P3_FULL_LR_SENSITIVITY,PASSAGE_DEPENDENT,TIER_C_EXTENDED_EXTRACELLULAR,0,0,2,2,2,0,2,NO,PROGRAM_MODULE_01;PROGRAM_MODULE_04,,,COMPUTATIONAL_HIERARCHY_NOT_THERAPEUTIC_PROOF,tier then ligand symbol; S1 is not ranked above S2,config/phase4a_analysis.json|NicheNet:Zenodo:7074291|OmniPath:2026-08-15|CollecTRI:2026-08-15|CytoSig:2026-08-15
AIMP1,S2,ROBUST_BASELINE_SENDER,P1_PARACRINE_CORE,NO_CLEAR_LICENSING_EFFECT,NOT_PRIORITIZED,0,0,0,0,0,0,0,NO,,,,COMPUTATIONAL_HIERARCHY_NOT_THERAPEUTIC_PROOF,tier then ligand symbol; S1 is not ranked above S2,config/phase4a_analysis.json|NicheNet:Zenodo:7074291|OmniPath:2026-08-15|CollecTRI:2026-08-15|CytoSig:2026-08-15
ANPEP,S2,ROBUST_BASELINE_SENDER,P1_PARACRINE_CORE,PASSAGE_DEPENDENT,NOT_PRIORITIZED,0,0,0,0,0,0,0,NO,,,,COMPUTATIONAL_HIERARCHY_NOT_THERAPEUTIC_PROOF,tier then ligand symbol; S1 is not ranked above S2,config/phase4a_analysis.json|NicheNet:Zenodo:7074291|OmniPath:2026-08-15|CollecTRI:2026-08-15|CytoSig:2026-08-15
ANTXR1,S2,ROBUST_BASELINE_SENDER,P2_EXTRACELLULAR_EXTENDED,PASSAGE_DEPENDENT,NOT_PRIORITIZED,0,0,0,0,0,0,0,NO,,,,COMPUTATIONAL_HIERARCHY_NOT_THERAPEUTIC_PROOF,tier then ligand symbol; S1 is not ranked above S2,config/phase4a_analysis.json|NicheNet:Zenodo:7074291|OmniPath:2026-08-15|CollecTRI:2026-08-15|CytoSig:2026-08-15
APOO,S2,ROBUST_BASELINE_SENDER,P1_PARACRINE_CORE,PASSAGE_DEPENDENT,NOT_PRIORITIZED,0,0,0,0,0,0,0,NO,,,,COMPUTATIONAL_HIERARCHY_NOT_THERAPEUTIC_PROOF,tier then ligand symbol; S1 is not ranked above S2,config/phase4a_analysis.json|NicheNet:Zenodo:7074291|OmniPath:2026-08-15|CollecTRI:2026-08-15|CytoSig:2026-08-15
BTN2A1,S1,ROBUST_BASELINE_SENDER,P2_EXTRACELLULAR_EXTENDED,LICENSING_CONSISTENT_UP,NOT_PRIORITIZED,0,0,0,0,0,0,0,NO,,,,COMPUTATIONAL_HIERARCHY_NOT_THERAPEUTIC_PROOF,tier then ligand symbol; S1 is not ranked above S2,config/phase4a_analysis.json|NicheNet:Zenodo:7074291|OmniPath:2026-08-15|CollecTRI:2026-08-15|CytoSig:2026-08-15
CA12,S2,ROBUST_BASELINE_SENDER,P2_EXTRACELLULAR_EXTENDED,DONOR_DEPENDENT,NOT_PRIORITIZED,0,0,0,1,0,0,0,NO,,,,COMPUTATIONAL_HIERARCHY_NOT_THERAPEUTIC_PROOF,tier then ligand symbol; S1 is not ranked above S2,config/phase4a_analysis.json|NicheNet:Zenodo:7074291|OmniPath:2026-08-15|CollecTRI:2026-08-15|CytoSig:2026-08-15
CDH13,S1,ROBUST_BASELINE_SENDER,P2_EXTRACELLULAR_EXTENDED,LICENSING_CONSISTENT_DOWN,NOT_PRIORITIZED,0,0,0,0,0,0,0,NO,,,,COMPUTATIONAL_HIERARCHY_NOT_THERAPEUTIC_PROOF,tier then ligand symbol; S1 is not ranked above S2,config/phase4a_analysis.json|NicheNet:Zenodo:7074291|OmniPath:2026-08-15|CollecTRI:2026-08-15|CytoSig:2026-08-15
CIB1,S2,ROBUST_BASELINE_SENDER,P3_FULL_LR_SENSITIVITY,PASSAGE_DEPENDENT,NOT_PRIORITIZED,0,0,0,0,0,0,0,NO,,,,COMPUTATIONAL_HIERARCHY_NOT_THERAPEUTIC_PROOF,tier then ligand symbol; S1 is not ranked above S2,config/phase4a_analysis.json|NicheNet:Zenodo:7074291|OmniPath:2026-08-15|CollecTRI:2026-08-15|CytoSig:2026-08-15
CLDN11,S1,ROBUST_BASELINE_SENDER,P3_FULL_LR_SENSITIVITY,LICENSING_CONSISTENT_DOWN,NOT_PRIORITIZED,0,0,0,0,0,0,0,NO,,,,COMPUTATIONAL_HIERARCHY_NOT_THERAPEUTIC_PROOF,tier then ligand symbol; S1 is not ranked above S2,config/phase4a_analysis.json|NicheNet:Zenodo:7074291|OmniPath:2026-08-15|CollecTRI:2026-08-15|CytoSig:2026-08-15
DSC3,S2,ROBUST_BASELINE_SENDER,P2_EXTRACELLULAR_EXTENDED,PASSAGE_DEPENDENT,NOT_PRIORITIZED,0,0,0,1,0,0,0,NO,,,,COMPUTATIONAL_HIERARCHY_NOT_THERAPEUTIC_PROOF,tier then ligand symbol; S1 is not ranked above S2,config/phase4a_analysis.json|NicheNet:Zenodo:7074291|OmniPath:2026-08-15|CollecTRI:2026-08-15|CytoSig:2026-08-15
DSG2,S2,ROBUST_BASELINE_SENDER,P1_PARACRINE_CORE,PASSAGE_DEPENDENT,NOT_PRIORITIZED,0,0,0,1,0,0,0,NO,,,,COMPUTATIONAL_HIERARCHY_NOT_THERAPEUTIC_PROOF,tier then ligand symbol; S1 is not ranked above S2,config/phase4a_analysis.json|NicheNet:Zenodo:7074291|OmniPath:2026-08-15|CollecTRI:2026-08-15|CytoSig:2026-08-15
ECM1,S2,ROBUST_BASELINE_SENDER,P1_PARACRINE_CORE,DONOR_DEPENDENT,NOT_PRIORITIZED,0,0,0,1,0,0,0,NO,,,,COMPUTATIONAL_HIERARCHY_NOT_THERAPEUTIC_PROOF,tier then ligand symbol; S1 is not ranked above S2,config/phase4a_analysis.json|NicheNet:Zenodo:7074291|OmniPath:2026-08-15|CollecTRI:2026-08-15|CytoSig:2026-08-15
EXOC3-AS1,S2,ROBUST_BASELINE_SENDER,P1_PARACRINE_CORE,PASSAGE_DEPENDENT,NOT_PRIORITIZED,0,0,0,1,0,0,0,NO,,,,COMPUTATIONAL_HIERARCHY_NOT_THERAPEUTIC_PROOF,tier then ligand symbol; S1 is not ranked above S2,config/phase4a_analysis.json|NicheNet:Zenodo:7074291|OmniPath:2026-08-15|CollecTRI:2026-08-15|CytoSig:2026-08-15
GSTP1,S2,ROBUST_BASELINE_SENDER,P2_EXTRACELLULAR_EXTENDED,NO_CLEAR_LICENSING_EFFECT,NOT_PRIORITIZED,0,0,0,1,0,1,0,NO,,,,COMPUTATIONAL_HIERARCHY_NOT_THERAPEUTIC_PROOF,tier then ligand symbol; S1 is not ranked above S2,config/phase4a_analysis.json|NicheNet:Zenodo:7074291|OmniPath:2026-08-15|CollecTRI:2026-08-15|CytoSig:2026-08-15
HLA-E,S1,ROBUST_BASELINE_SENDER,P1_PARACRINE_CORE,LICENSING_CONSISTENT_UP,NOT_PRIORITIZED,0,0,0,1,0,0,0,NO,,,,COMPUTATIONAL_HIERARCHY_NOT_THERAPEUTIC_PROOF,tier then ligand symbol; S1 is not ranked above S2,config/phase4a_analysis.json|NicheNet:Zenodo:7074291|OmniPath:2026-08-15|CollecTRI:2026-08-15|CytoSig:2026-08-15
IGFBP7,S2,ROBUST_BASELINE_SENDER,P1_PARACRINE_CORE,NO_CLEAR_LICENSING_EFFECT,NOT_PRIORITIZED,0,0,0,0,0,0,0,NO,,,,COMPUTATIONAL_HIERARCHY_NOT_THERAPEUTIC_PROOF,tier then ligand symbol; S1 is not ranked above S2,config/phase4a_analysis.json|NicheNet:Zenodo:7074291|OmniPath:2026-08-15|CollecTRI:2026-08-15|CytoSig:2026-08-15
IL32,S2,ROBUST_BASELINE_SENDER,P1_PARACRINE_CORE,PASSAGE_DEPENDENT,NOT_PRIORITIZED,0,0,0,0,0,0,0,NO,,,,COMPUTATIONAL_HIERARCHY_NOT_THERAPEUTIC_PROOF,tier then ligand symbol; S1 is not ranked above S2,config/phase4a_analysis.json|NicheNet:Zenodo:7074291|OmniPath:2026-08-15|CollecTRI:2026-08-15|CytoSig:2026-08-15
KIAA0319L,S2,ROBUST_BASELINE_SENDER,P3_FULL_LR_SENSITIVITY,NO_CLEAR_LICENSING_EFFECT,NOT_PRIORITIZED,0,0,0,0,0,0,0,NO,,,,COMPUTATIONAL_HIERARCHY_NOT_THERAPEUTIC_PROOF,tier then ligand symbol; S1 is not ranked above S2,config/phase4a_analysis.json|NicheNet:Zenodo:7074291|OmniPath:2026-08-15|CollecTRI:2026-08-15|CytoSig:2026-08-15
LAYN,S2,ROBUST_BASELINE_SENDER,P2_EXTRACELLULAR_EXTENDED,PASSAGE_DEPENDENT,NOT_PRIORITIZED,0,0,0,0,0,0,0,NO,,,,COMPUTATIONAL_HIERARCHY_NOT_THERAPEUTIC_PROOF,tier then ligand symbol; S1 is not ranked above S2,config/phase4a_analysis.json|NicheNet:Zenodo:7074291|OmniPath:2026-08-15|CollecTRI:2026-08-15|CytoSig:2026-08-15
LIN7A,S2,ROBUST_BASELINE_SENDER,P3_FULL_LR_SENSITIVITY,PASSAGE_DEPENDENT,NOT_PRIORITIZED,0,0,0,0,0,0,0,NO,,,,COMPUTATIONAL_HIERARCHY_NOT_THERAPEUTIC_PROOF,tier then ligand symbol; S1 is not ranked above S2,config/phase4a_analysis.json|NicheNet:Zenodo:7074291|OmniPath:2026-08-15|CollecTRI:2026-08-15|CytoSig:2026-08-15
LIN7B,S2,ROBUST_BASELINE_SENDER,P3_FULL_LR_SENSITIVITY,PASSAGE_DEPENDENT,NOT_PRIORITIZED,0,0,0,0,0,0,0,NO,,,,COMPUTATIONAL_HIERARCHY_NOT_THERAPEUTIC_PROOF,tier then ligand symbol; S1 is not ranked above S2,config/phase4a_analysis.json|NicheNet:Zenodo:7074291|OmniPath:2026-08-15|CollecTRI:2026-08-15|CytoSig:2026-08-15
MFAP2,S2,ROBUST_BASELINE_SENDER,P1_PARACRINE_CORE,PASSAGE_DEPENDENT,NOT_PRIORITIZED,0,0,0,3,3,0,3,NO,PROGRAM_MODULE_01;PROGRAM_MODULE_04;PROGRAM_MODULE_05,,,COMPUTATIONAL_HIERARCHY_NOT_THERAPEUTIC_PROOF,tier then ligand symbol; S1 is not ranked above S2,config/phase4a_analysis.json|NicheNet:Zenodo:7074291|OmniPath:2026-08-15|CollecTRI:2026-08-15|CytoSig:2026-08-15
NAALADL1,S2,ROBUST_BASELINE_SENDER,P2_EXTRACELLULAR_EXTENDED,PASSAGE_DEPENDENT,NOT_PRIORITIZED,0,0,0,0,0,0,0,NO,,,,COMPUTATIONAL_HIERARCHY_NOT_THERAPEUTIC_PROOF,tier then ligand symbol; S1 is not ranked above S2,config/phase4a_analysis.json|NicheNet:Zenodo:7074291|OmniPath:2026-08-15|CollecTRI:2026-08-15|CytoSig:2026-08-15
NID2,S1,ROBUST_BASELINE_SENDER,P1_PARACRINE_CORE,LICENSING_CONSISTENT_DOWN,NOT_PRIORITIZED,0,0,0,0,0,0,0,NO,,,,COMPUTATIONAL_HIERARCHY_NOT_THERAPEUTIC_PROOF,tier then ligand symbol; S1 is not ranked above S2,config/phase4a_analysis.json|NicheNet:Zenodo:7074291|OmniPath:2026-08-15|CollecTRI:2026-08-15|CytoSig:2026-08-15
NMB,S2,ROBUST_BASELINE_SENDER,P1_PARACRINE_CORE,DONOR_DEPENDENT,NOT_PRIORITIZED,0,0,0,0,0,0,0,NO,,,,COMPUTATIONAL_HIERARCHY_NOT_THERAPEUTIC_PROOF,tier then ligand symbol; S1 is not ranked above S2,config/phase4a_analysis.json|NicheNet:Zenodo:7074291|OmniPath:2026-08-15|CollecTRI:2026-08-15|CytoSig:2026-08-15
NT5E,S2,ROBUST_BASELINE_SENDER,P2_EXTRACELLULAR_EXTENDED,PASSAGE_DEPENDENT,NOT_PRIORITIZED,0,0,0,0,0,0,0,NO,,,,COMPUTATIONAL_HIERARCHY_NOT_THERAPEUTIC_PROOF,tier then ligand symbol; S1 is not ranked above S2,config/phase4a_analysis.json|NicheNet:Zenodo:7074291|OmniPath:2026-08-15|CollecTRI:2026-08-15|CytoSig:2026-08-15
ROBO1,S1,ROBUST_BASELINE_SENDER,P2_EXTRACELLULAR_EXTENDED,LICENSING_CONSISTENT_UP,NOT_PRIORITIZED,0,0,0,0,0,0,0,NO,,,,COMPUTATIONAL_HIERARCHY_NOT_THERAPEUTIC_PROOF,tier then ligand symbol; S1 is not ranked above S2,config/phase4a_analysis.json|NicheNet:Zenodo:7074291|OmniPath:2026-08-15|CollecTRI:2026-08-15|CytoSig:2026-08-15
S100A10,S2,ROBUST_BASELINE_SENDER,P1_PARACRINE_CORE,NO_CLEAR_LICENSING_EFFECT,NOT_PRIORITIZED,0,0,0,1,0,0,0,NO,,,,COMPUTATIONAL_HIERARCHY_NOT_THERAPEUTIC_PROOF,tier then ligand symbol; S1 is not ranked above S2,config/phase4a_analysis.json|NicheNet:Zenodo:7074291|OmniPath:2026-08-15|CollecTRI:2026-08-15|CytoSig:2026-08-15
SNX14,S2,ROBUST_BASELINE_SENDER,P1_PARACRINE_CORE,NO_CLEAR_LICENSING_EFFECT,NOT_PRIORITIZED,0,0,0,0,0,0,0,NO,,,,COMPUTATIONAL_HIERARCHY_NOT_THERAPEUTIC_PROOF,tier then ligand symbol; S1 is not ranked above S2,config/phase4a_analysis.json|NicheNet:Zenodo:7074291|OmniPath:2026-08-15|CollecTRI:2026-08-15|CytoSig:2026-08-15
TCTN3,S2,ROBUST_BASELINE_SENDER,P3_FULL_LR_SENSITIVITY,NO_CLEAR_LICENSING_EFFECT,NOT_PRIORITIZED,0,0,0,0,0,0,0,NO,,,,COMPUTATIONAL_HIERARCHY_NOT_THERAPEUTIC_PROOF,tier then ligand symbol; S1 is not ranked above S2,config/phase4a_analysis.json|NicheNet:Zenodo:7074291|OmniPath:2026-08-15|CollecTRI:2026-08-15|CytoSig:2026-08-15
UXS1,S2,ROBUST_BASELINE_SENDER,P3_FULL_LR_SENSITIVITY,DONOR_DEPENDENT,NOT_PRIORITIZED,0,0,0,0,0,0,0,NO,,,,COMPUTATIONAL_HIERARCHY_NOT_THERAPEUTIC_PROOF,tier then ligand symbol; S1 is not ranked above S2,config/phase4a_analysis.json|NicheNet:Zenodo:7074291|OmniPath:2026-08-15|CollecTRI:2026-08-15|CytoSig:2026-08-15
